output/vachtuongcu.mp3_14336_20480.wav|Thúy Nga
output/vachtuongcu.mp3_20736_25600.wav|Hạnh giới thiệu cùng bạn đọc truyện ngắn vách tường cũ
output/vachtuongcu.mp3_26112_27648.wav|Của nhà văn Nguyễn Ngọc Ngạn
output/vachtuongcu.mp3_27904_29184.wav|Qua hai giọng
output/vachtuongcu.mp3_29952_36096.wav|Mai Phương và chính tác giả
output/vachtuongcu.mp3_51968_55552.wav|Chiến thứ nhất hàng mang về được hơn 3 nghìn đồng
output/vachtuongcu.mp3_56064_58880.wav|Đấy là chưa kể cái máy hát đĩa hiệu Sony
output/vachtuongcu.mp3_59136_60672.wav|Hai chiếc bình thủy Trung Quốc
output/vachtuongcu.mp3_61184_63744.wav|Và vài món quà đặc sản của miền Nam
output/vachtuongcu.mp3_65024_66048.wav|Đình mừng lắm
output/vachtuongcu.mp3_66560_70400.wav|Không uổng công anh hơn 10 ngày nằm nhà giữ con cho vợ
output/vachtuongcu.mp3_70656_73728.wav|Lên đường theo tàu hỏa vào Sài Gòn Buôn Lậu
output/vachtuongcu.mp3_74496_76288.wav|Đối với thời giá lúc mấy giờ
output/vachtuongcu.mp3_76800_78336.wav|Giữa năm 78
output/vachtuongcu.mp3_78848_80896.wav|Bán nhịp đồng Kể cũng khá to
output/vachtuongcu.mp3_81152_83968.wav|Nhất là với những gia đình ít vốn như định vào
output/vachtuongcu.mp3_84992_87040.wav|Đỉnh mỗi ngày một lạng vàng
output/vachtuongcu.mp3_87808_91392.wav|Còn lại vài trăm biếu xén công an và Chính quyền địa phương
output/vachtuongcu.mp3_91648_93696.wav|Mua trộm trước anh Nghĩa vậy sao
output/vachtuongcu.mp3_95488_100608.wav|Lần đầu tiên có nguyên một cây vàng trong tai đỉnh lay hoay mãi không biết giấu vào đâu
output/vachtuongcu.mp3_101120_102656.wav|Anh nó lên mái nhà
output/vachtuongcu.mp3_102912_104192.wav|Quan sát các uống chè
output/vachtuongcu.mp3_104448_105984.wav|Duy mẻ kèo cột
output/vachtuongcu.mp3_106752_109824.wav|Xem nơi nào có thể nhắc an toàn lượng vàng của anh
output/vachtuongcu.mp3_110848_113920.wav|Những hình như chỗ nào định cũng thấy trừ chắc chắn lắm
output/vachtuongcu.mp3_114688_116224.wav|Anh đem bỏ vào cái gối đầu
output/vachtuongcu.mp3_116992_118016.wav|Khối của đỉnh
output/vachtuongcu.mp3_118272_121088.wav|Vốn chỉ là cái hộp giống hình chữ nhật bọc mấy
output/vachtuongcu.mp3_121600_123904.wav|Kích thước lớn hơn viên gạch thẻ một chút
output/vachtuongcu.mp3_124672_126464.wav|Truyền từ đời ông nội để lại
output/vachtuongcu.mp3_126720_127488.wav|Đứt mắt
output/vachtuongcu.mp3_127744_132096.wav|Một vài sợi được đỉnh thay thế bằng những mẫu lan chê rất vụng về
output/vachtuongcu.mp3_133376_136192.wav|Lạng vàng khối động giường thì chắc ăn quá rồi
output/vachtuongcu.mp3_136704_138752.wav|Có việc gì thì chỉ việc may ra
output/vachtuongcu.mp3_139008_140800.wav|Phật pháp nguyên cái gối mà chạy
output/vachtuongcu.mp3_141824_142848.wav|Anh nghĩ như thế
output/vachtuongcu.mp3_143360_145664.wav|Tại nó ngủ một đêm thật hạnh phúc
output/vachtuongcu.mp3_146944_149760.wav|Những điểm vàng cũng chỉ nằm ở đó được có một bên
output/vachtuongcu.mp3_150528_151552.wav|Sáng hôm sau
output/vachtuongcu.mp3_151808_153088.wav|Lúc đắp chăn mỏng
output/vachtuongcu.mp3_153600_155392.wav|Đỉnh 500.000 cái gối
output/vachtuongcu.mp3_155648_157184.wav|Bất chợt nhận ra rằng
output/vachtuongcu.mp3_157440_158976.wav|Để như thế hàng năm
output/vachtuongcu.mp3_160256_163840.wav|Đánh răng cái gối mây vẫn nằm ở đó đã hơn chục năm
output/vachtuongcu.mp3_164352_165888.wav|Chẳng ai thèm để ý
output/vachtuongcu.mp3_166656_172800.wav|Những rủi trời xui đất khiến có đứa trẻ con hàng xóm nào tái máy khuấy đi mất thôi
output/vachtuongcu.mp3_173056_173568.wav|Thế nào
output/vachtuongcu.mp3_174080_175360.wav|Anh ngẫm nghĩ một lúc
output/vachtuongcu.mp3_175616_177152.wav|Rồi Mỗi cây vàng da
output/vachtuongcu.mp3_177664_180992.wav|Đào một cái lỗ nhỏ sát chân giường chôn sống
output/vachtuongcu.mp3_181504_183552.wav|Anh rất củ bảo hành
output/vachtuongcu.mp3_184320_185600.wav|Nói xàm
output/vachtuongcu.mp3_185856_187648.wav|Nhớ có trái nhà cũng chả sao
output/vachtuongcu.mp3_188928_193280.wav|Thằng lắc đầu cười
output/vachtuongcu.mp3_193536_195840.wav|Mình mới có trí tạo đắt có cả lên
output/vachtuongcu.mp3_196608_198144.wav|Đừng cười theo
output/vachtuongcu.mp3_198912_199424.wav|Truyện
output/vachtuongcu.mp3_199680_201984.wav|Để cho có nhiều mất chỗ này còn chỗ khác
output/vachtuongcu.mp3_202240_204032.wav|Mình chỉ có mỗi một tí
output/vachtuongcu.mp3_204288_205312.wav|Trần mới phải cẩn
output/vachtuongcu.mp3_207104_210432.wav|Tăng cảm động nhìn Chồng lăng xăng với lượng vàng
output/vachtuongcu.mp3_210688_212736.wav|Và nàng định tâm Mỗi chuyến đi
output/vachtuongcu.mp3_213248_215552.wav|Sự cố gắng mang về ít nhất một lạng
output/vachtuongcu.mp3_215808_218112.wav|Để tạo niềm vui liên tục cho đỉnh
output/vachtuongcu.mp3_220160_221440.wav|Lại còn cái máy hát
output/vachtuongcu.mp3_221696_223744.wav|Muốn làm điện tốn thì giờ không ít
output/vachtuongcu.mp3_224768_226560.wav|Anh nheo mắt nghiêng đầu
output/vachtuongcu.mp3_226816_228352.wav|Nhắm tới nấm lùn mãi
output/vachtuongcu.mp3_228608_231936.wav|Mà không biết nên đặt nó ở đâu cho tăng thêm vẻ sang trọng
output/vachtuongcu.mp3_232192_233472.wav|Của căn nhà 15
output/vachtuongcu.mp3_233728_235008.wav|Cha mẹ anh để lại
output/vachtuongcu.mp3_236288_237056.wav|Cuối cùng
output/vachtuongcu.mp3_237568_239104.wav|Anh quyết định đi mua gỗ
output/vachtuongcu.mp3_239360_240896.wav|Đóng hàng của cái kệ mới
output/vachtuongcu.mp3_241152_242432.wav|Và khi sát bảo vệ
output/vachtuongcu.mp3_243200_248320.wav|Ngay phía dưới bàn thờ tổ tiên có mấy tấm hình chụp trắng đen đảo giấu vàng
output/vachtuongcu.mp3_250112_251648.wav|Máy máy cầm tay 6 cục pin
output/vachtuongcu.mp3_252160_256256.wav|Mà đỉnh cũng chỉ nghe được có khoảng 2 tuần thì pin bắt đầu cảm
output/vachtuongcu.mp3_256768_258047.wav|Tiếng hát chèo
output/vachtuongcu.mp3_258303_260863.wav|Chậm dần và Lạc hẳn Giọng đi
output/vachtuongcu.mp3_262143_263935.wav|Hàng xóm kéo đến khá đông
output/vachtuongcu.mp3_264191_265727.wav|Chỉ trỏ khen lời
output/vachtuongcu.mp3_265983_269055.wav|Mặc dầu hằng chỉ có mỗi một cái đĩa nhựa màu vàng
output/vachtuongcu.mp3_269311_270079.wav|Trong đó
output/vachtuongcu.mp3_270335_272639.wav|Chủ yếu là bài Căn Nhà Màu Tím
output/vachtuongcu.mp3_272895_275711.wav|Dầu Giang Tử và dán thùng biểu diễn
output/vachtuongcu.mp3_277503_279551.wav|Giá công an đổi Mượn mang về đồn
output/vachtuongcu.mp3_280063_281343.wav|Đỉnh đầu xót lắm
output/vachtuongcu.mp3_281599_282879.wav|Nhưng không từ chối được
output/vachtuongcu.mp3_283391_285439.wav|Lúc đêm chả thịt pin đã hết hạn
output/vachtuongcu.mp3_286975_288255.wav|Đỉnh buốt nhói trong lòng
output/vachtuongcu.mp3_289279_291071.wav|Nhưng nhân cơ hội này nhờ cả
output/vachtuongcu.mp3_291327_292607.wav|Nếu có dịp lên tỉnh
output/vachtuongcu.mp3_293119_295167.wav|Mua hổ 6 cục PIN Văn Điển
output/vachtuongcu.mp3_295679_297471.wav|Quy định chỉ làm thường dân
output/vachtuongcu.mp3_297727_298751.wav|Không có tiêu chuẩn
output/vachtuongcu.mp3_299007_300799.wav|Mua loại hàng xa xỉ này
output/vachtuongcu.mp3_303103_305663.wav|Hai cái phích nước cũng làm định bận rộn không kém
output/vachtuongcu.mp3_306431_309247.wav|Niềm mơ ước cả chục năm Bây giờ mới thành sự thật
output/vachtuongcu.mp3_309759_313343.wav|Anh bán ngay một cái chồng chú họ với giá hời
output/vachtuongcu.mp3_314367_315647.wav|Giữ cho mình một cái
output/vachtuongcu.mp3_315903_317695.wav|Nâng niu đi dùng hàng ngày
output/vachtuongcu.mp3_318719_320767.wav|Sáng nào anh cũng dậy thật sớm
output/vachtuongcu.mp3_321023_322559.wav|Lục đục xuống bếp đun
output/vachtuongcu.mp3_323583_325119.wav|Vì có sẵn nước sôi
output/vachtuongcu.mp3_325631_328191.wav|Tự dưng Đỉnh Sinh ra cái thuốc uống trà
output/vachtuongcu.mp3_328703_329983.wav|Và đòi phải uống nóng
output/vachtuongcu.mp3_330495_332031.wav|Vừa nhất vừa thổi
output/vachtuongcu.mp3_333055_334847.wav|Thằng cười bảo chồng
output/vachtuongcu.mp3_335103_336383.wav|Võ thuật
output/vachtuongcu.mp3_338431_339967.wav|Phú quý sinh lễ nghĩa
output/vachtuongcu.mp3_340479_341503.wav|Vừa vừa chứ
output/vachtuongcu.mp3_341759_344319.wav|Mới hai mươi mấy tuổi đầu mà đã đòi nhận cha Tàu
output/vachtuongcu.mp3_345855_349183.wav|Thằng thương chờ lúc đỉnh Ngồi nhâm nhi tách trà
output/vachtuongcu.mp3_349439_350719.wav|Biết còn đến Bình cả
output/vachtuongcu.mp3_350975_354815.wav|Kể cho anh nghe những mẩu chuyện rất là ở thành phố Hồ Chí Minh
output/vachtuongcu.mp3_355071_356863.wav|Để tô Điểm thêm niềm hạnh phúc
output/vachtuongcu.mp3_357375_360959.wav|Mà nàng đang nhìn thấy rất rõ trong đôi mắt của đỉnh
output/vachtuongcu.mp3_363519_365055.wav|Chiến thứ hai của Hằng
output/vachtuongcu.mp3_365567_367615.wav|Hàng hóa mang đi không lời nhiều lắm
output/vachtuongcu.mp3_368127_370175.wav|Nhưng những thứ Quân về miền Bắc
output/vachtuongcu.mp3_370431_371711.wav|Thì lại rất đắt giá
output/vachtuongcu.mp3_372479_374783.wav|Đỉnh thêm được một chuỗi ngày sung sướng
output/vachtuongcu.mp3_375039_376063.wav|Vừa uống trà
output/vachtuongcu.mp3_376319_378111.wav|Vừa nghe Giang Tử hát
output/vachtuongcu.mp3_380671_381439.wav|Nửa tháng sau
output/vachtuongcu.mp3_381695_383487.wav|Thằng lên đường lần thứ 3
output/vachtuongcu.mp3_383743_385279.wav|Mang theo nhiều vốn hơn
output/vachtuongcu.mp3_385535_386559.wav|Và lần này
output/vachtuongcu.mp3_386815_388607.wav|Làng vắng nhà Đến Gần một tháng
output/vachtuongcu.mp3_388863_391935.wav|Mới trở về với bộ mặt hết sức thảm não
output/vachtuongcu.mp3_393215_395263.wav|Nhìn vợ thất thểu bước vào cổng
output/vachtuongcu.mp3_395775_397311.wav|Đỉnh lao ra khỏi nhanh
output/vachtuongcu.mp3_398335_399871.wav|Mất hết rồi sao mà
output/vachtuongcu.mp3_401663_403455.wav|Thằng ngủ rồi gật đầu
output/vachtuongcu.mp3_403711_404991.wav|Không chở định Giết cầu
output/vachtuongcu.mp3_405759_407551.wav|Nàng đỡ đứa con trên tay đình
output/vachtuongcu.mp3_407807_410111.wav|Tạm quên nỗi buồn để 5 con
output/vachtuongcu.mp3_411391_412671.wav|Khổ thân con tôi
output/vachtuongcu.mp3_412927_414207.wav|Nhớ mẹ lắm phải không
output/vachtuongcu.mp3_414719_416255.wav|Ở nhà Bố có đánh con không
output/vachtuongcu.mp3_416767_418559.wav|Bố có mua bánh cho con không
output/vachtuongcu.mp3_418815_423679.wav|Rồi nàng lần tay vào túi áo lấy món đồ chơi nhỏ bằng flash
output/vachtuongcu.mp3_424191_426495.wav|Giờ già trước mặt thằng bé và nói
output/vachtuongcu.mp3_427263_428031.wav|Của con đi
output/vachtuongcu.mp3_429311_430335.wav|Đỉnh thi toán
output/vachtuongcu.mp3_430591_432383.wav|Lảo đảo bước bên cạnh vợ
output/vachtuongcu.mp3_432895_436735.wav|Hai người ngồi xuống trước bậc thềm không nói với nhau lời nào
output/vachtuongcu.mp3_437759_438527.wav|Một lúc sau
output/vachtuongcu.mp3_439039_443391.wav|Bình tâm lý lại đỉnh thở mạnh lên tiếng Hà Nội
output/vachtuongcu.mp3_443903_449023.wav|Thôi mình cũng đừng có buồn và sinh ra ốm đau khổ
output/vachtuongcu.mp3_449535_451839.wav|Bán buôn Một Vốn Bốn Lời thật đấy
output/vachtuongcu.mp3_452095_454911.wav|Nhưng mà không may thì tay trắng cũng là chuyện thường
output/vachtuongcu.mp3_455935_458239.wav|Chỉ có điều là bọn này mình đi lâu quá
output/vachtuongcu.mp3_458495_460543.wav|Anh với còn đợi suốt cả ruột
output/vachtuongcu.mp3_462335_464383.wav|Thằng rưng rưng nói nhỏ
output/vachtuongcu.mp3_465151_467711.wav|Nó nhốt em đến hơn 2 tuần lễ
output/vachtuongcu.mp3_468479_469759.wav|Khổ thì anh chịu được
output/vachtuongcu.mp3_470783_471551.wav|Nhưng mà
output/vachtuongcu.mp3_471807_472831.wav|Nhớ anh
output/vachtuongcu.mp3_473343_474367.wav|Nhớ còn quá
output/vachtuongcu.mp3_475391_477439.wav|Chẳng ăn chẳng ngủ gì
output/vachtuongcu.mp3_477695_478975.wav|Chị khóc thôi
output/vachtuongcu.mp3_481279_482559.wav|Đỉnh quay sang nhìn vợ
output/vachtuongcu.mp3_483071_483583.wav|Bấm
output/vachtuongcu.mp3_484095_486143.wav|Anh không còn máy bay tiếp của nữa
output/vachtuongcu.mp3_486655_489727.wav|Magic còn lại trong anh nỗi xót xa sâu thẳm
output/vachtuongcu.mp3_489983_491775.wav|Nghĩ đến những ngày vợ ở tù
output/vachtuongcu.mp3_492799_494847.wav|Anh Quảng cánh tay qua vai hẳn
output/vachtuongcu.mp3_495103_496895.wav|Kéo vì người làm về thế anh
output/vachtuongcu.mp3_497151_498431.wav|Và chép miệng
output/vachtuongcu.mp3_499711_500735.wav|Khổ thân
output/vachtuongcu.mp3_502783_503807.wav|Hằng túi mật
output/vachtuongcu.mp3_504319_506367.wav|Cố ý tránh cái nhìn của chồng
output/vachtuongcu.mp3_507135_509695.wav|Là bởi vì thật sự nàng không hề bị bắt
output/vachtuongcu.mp3_510463_514815.wav|Muốn lưu của nàng vẫn còn nguyên gửi cả ở thành phố Hồ Chí Minh
output/vachtuongcu.mp3_515071_515839.wav|Trồng cây phong
output/vachtuongcu.mp3_516351_520191.wav|Người tình mới mà làm vừa gặp trong chuyến đi buôn vừa qua
output/vachtuongcu.mp3_521727_522751.wav|Bây giờ ngồi đây
output/vachtuongcu.mp3_523007_528127.wav|Minh Cảnh đứa con trai khóc hình bệnh nhất là bên cạnh sự ân cần của người chồng trên làng
output/vachtuongcu.mp3_528639_531199.wav|Hằng chợt thấy trong lòng bỗng lên
output/vachtuongcu.mp3_531455_532735.wav|Niềm hối hận vô cùng
output/vachtuongcu.mp3_533503_534783.wav|Và nàng định bụng sẽ thôi
output/vachtuongcu.mp3_535295_536831.wav|Từ nay không đi đâu nữa
output/vachtuongcu.mp3_537087_540671.wav|An phận trở về cuộc sống bình lặng của Mái Ấm Gia Đình
output/vachtuongcu.mp3_542207_544767.wav|Những trang chiếu vụng trộm mấy tuần vợ qua
output/vachtuongcu.mp3_545279_547327.wav|Rồi sẽ đổi dần vào dĩ vãng
output/vachtuongcu.mp3_547583_549119.wav|Như một lầm lỡ đáng tiếc
output/vachtuongcu.mp3_549375_550655.wav|Mà chỉ mình làm beat
output/vachtuongcu.mp3_552191_555263.wav|Remote tính cũng như mọi người xung quanh
output/vachtuongcu.mp3_555519_556287.wav|Trước sau
output/vachtuongcu.mp3_556543_558335.wav|Hàng vẫn là người vợ đảm đang
output/vachtuongcu.mp3_558591_559359.wav|Bảo mẫu
output/vachtuongcu.mp3_561407_566783.wav|Thằng nhỏ ngồi trên đổi hẳn mân mê món đồ chơi rồi lúc Niệu Bảo hành
output/vachtuongcu.mp3_568575_571391.wav|Mẹ đừng đi nữa mẹ ở nhà với con mẹ nhé
output/vachtuongcu.mp3_572927_575487.wav|Hàng xóm đầu con
output/vachtuongcu.mp3_575743_576255.wav|Thôi
output/vachtuongcu.mp3_576767_578303.wav|Mẹ không đi đâu nữa
output/vachtuongcu.mp3_578559_579839.wav|Mẹ ở nhà với con
output/vachtuongcu.mp3_581887_582911.wav|Đỉnh chen vào
output/vachtuongcu.mp3_584191_585215.wav|Open mới đi
output/vachtuongcu.mp3_585471_591615.wav|Có tối còn nó ngủ đã được một giấc rồi lại giật mình thức dậy rồi cứ khóc tỉ tê lòng
output/vachtuongcu.mp3_591871_595967.wav|Anh Dũng thế nào cũng chẳng biết
output/vachtuongcu.mp3_596223_599039.wav|Thằng trước mắt cảm động ôm Ý thằng bé
output/vachtuongcu.mp3_599551_600831.wav|Bắt đầu nó bạo lực
output/vachtuongcu.mp3_601599_602623.wav|Đỉnh lại kể
output/vachtuongcu.mp3_604415_609791.wav|Anh định tuần này mà em không về thì thế nào anh cũng đánh dây thép cho cột phán để hỏi xem sao
output/vachtuongcu.mp3_610303_611327.wav|Nóng ruột quá
output/vachtuongcu.mp3_613375_614399.wav|Thằng phân Trần
output/vachtuongcu.mp3_615423_617215.wav|Em bị bắt ở ngoài nhatrang cơ
output/vachtuongcu.mp3_617727_618751.wav|Củ sắn có biết đâu
output/vachtuongcu.mp3_619775_620799.wav|Mình xót ruột
output/vachtuongcu.mp3_621311_623871.wav|Em nằm trong nhà xem con sắp được 10 chứ
output/vachtuongcu.mp3_625407_627199.wav|Ngã tư cho ảnh rồi đấy chứ
output/vachtuongcu.mp3_627967_629247.wav|Nhưng lại sẽ bỏ
output/vachtuongcu.mp3_629759_631551.wav|Sợ báo tin chỉ làm anh lo thôi
output/vachtuongcu.mp3_633599_635647.wav|Thằng không muốn câu chuyện kéo dài thêm
output/vachtuongcu.mp3_636159_638207.wav|Nàng bỏ con xuống đứng dậy
output/vachtuongcu.mp3_638719_641791.wav|Vừa quay đi vừa bảo em đi tắm
output/vachtuongcu.mp3_642303_645631.wav|Hai bộ quần áo đã đánh cho em mua ở nhà ga đấy
output/vachtuongcu.mp3_647679_650495.wav|Có gói kẹo dừa ngon lắm
output/vachtuongcu.mp3_650751_653311.wav|Kẹo dừa Bến Tre không Ở ngoài ta đâu
output/vachtuongcu.mp3_655615_661759.wav|Ăn vào buồn ngủ lấy quần áo rồi đi nhanh ra sau vườn sang nhà chứ bệnh
output/vachtuongcu.mp3_662015_666623.wav|Mà nàng thấy mọi thứ chung quanh dường như có nhiều đội khác
output/vachtuongcu.mp3_666879_670463.wav|Đang đứng tần ngần trước cửa bếp một lúc rồi bước vào
output/vachtuongcu.mp3_670719_672767.wav|Cúi xuống mở nắp vung
output/vachtuongcu.mp3_673023_674303.wav|Cái nồi đồng cũ kín
output/vachtuongcu.mp3_674815_677631.wav|Nhập một củ khoai luộc còn đang bốc hơi nhẹ nhẹ
output/vachtuongcu.mp3_678655_680191.wav|Vợ cảm thấy ân hận hơn
output/vachtuongcu.mp3_680447_682751.wav|Những ngày rong chơi tội lỗi vừa qua
output/vachtuongcu.mp3_684031_685567.wav|Các con bẻ đôi củ khoai
output/vachtuongcu.mp3_685823_688127.wav|Thằng lại bỏ vào nồi đậy vung lại
output/vachtuongcu.mp3_688383_689663.wav|Và mức là sau nhà
output/vachtuongcu.mp3_689919_690943.wav|Bảo bồn tắm
output/vachtuongcu.mp3_692479_696319.wav|Gọi là bồn tắm nhưng thật ra chỉ là tấm gót cũ quay ba mặt
output/vachtuongcu.mp3_696831_700927.wav|Nằm sát một buổi chuối vợ khuất dưới toàn cây mít khá lớn
output/vachtuongcu.mp3_701951_702975.wav|Thằng bước vào
output/vachtuongcu.mp3_703743_705535.wav|Kéo tấm vải nilon che cửa
output/vachtuongcu.mp3_705791_708351.wav|Sự coi bộ quần áo vương đầy bụi đường
output/vachtuongcu.mp3_708607_710399.wav|Quăng vào cái chậu Đau dưới chân
output/vachtuongcu.mp3_711423_714495.wav|Đừng khóc người mất gốc nước đầu tiên số lên vai
output/vachtuongcu.mp3_715007_716543.wav|Vợ rùng mình nhớ đến phòng
output/vachtuongcu.mp3_716799_718847.wav|Nguyên nhân Đêm Cuồng Nhiệt bên cạnh đã
output/vachtuongcu.mp3_721151_722431.wav|Tiếng cười khúc
output/vachtuongcu.mp3_722687_724479.wav|Của con từ phía trước vọng lại
output/vachtuongcu.mp3_724991_726527.wav|Thằng trước mất thật mau
output/vachtuongcu.mp3_726783_729343.wav|Cố gắng xua đuổi hình ảnh phòng Chồng Trí
output/vachtuongcu.mp3_729599_731135.wav|Để quay về với thực tại
output/vachtuongcu.mp3_732159_734207.wav|Nghĩ đến món tiền đã đưa cho Phong
output/vachtuongcu.mp3_734719_736511.wav|Ảnh tặc lưỡi nói một mình
output/vachtuongcu.mp3_736767_738047.wav|Để tự an ủi
output/vachtuongcu.mp3_742143_743167.wav|Của Thiên Trả Địa
output/vachtuongcu.mp3_743935_744959.wav|Mất chỉ của mình
output/vachtuongcu.mp3_747263_750335.wav|Đang ngồi xuống cúi đầu xoay xà phòng
output/vachtuongcu.mp3_750847_753663.wav|Dây lụa mười ngón tay vào mái tóc dính bết bùn
output/vachtuongcu.mp3_753919_758271.wav|Vào mồ hôi trên những quãng đường xe lửa bắc-nam chật như nêm cối
output/vachtuongcu.mp3_758783_764671.wav|Nắng chứa đỉnh lực con ngoài hiên và tiếng cười nứt nẻ của thằng bé cấp đền Tự Trọng
output/vachtuongcu.mp3_765951_769023.wav|Thằng biết rằng đình đang cố giấu kín Nỗi Đau thức của
output/vachtuongcu.mp3_769791_774143.wav|Cho nên giả vờ vui đưa thản nhiên với con để làm khỏi buồn
output/vachtuongcu.mp3_775167_776447.wav|Và Chính điều đó
output/vachtuongcu.mp3_776959_778751.wav|Càng làm Hằng ân hận hơn
output/vachtuongcu.mp3_781055_785663.wav|Những ngày kế tiếp đỉnh cân luôn miệng an ủi vợ
output/vachtuongcu.mp3_786943_790527.wav|Mỗi khi bắt gặp hàng ngồi một mình đôi mắt đăm chiêu
output/vachtuongcu.mp3_791039_792831.wav|Anh tìm đủ mọi cách vỗ về
output/vachtuongcu.mp3_793087_797951.wav|Có gì nói vài câu khôi hài để làm quên đi những mất mát vừa qua
output/vachtuongcu.mp3_799487_800767.wav|Anh cũng chức của lắm chứ
output/vachtuongcu.mp3_801535_802559.wav|Nhưng thấy vợ buồn
output/vachtuongcu.mp3_802815_805375.wav|Tuyệt đối không bao giờ nhắc tới chuyện đó
output/vachtuongcu.mp3_806655_808447.wav|Con Hằng thì cũng có cười
output/vachtuongcu.mp3_808959_810751.wav|Nhưng mắc cười rất dễ giặt
output/vachtuongcu.mp3_811007_813823.wav|Dường như chỉ để chiều ý định mà thôi
output/vachtuongcu.mp3_816639_817919.wav|Ở nhà được hai tuần
output/vachtuongcu.mp3_818431_820735.wav|Thằng bắt đầu bồn chồn nôn nóng
output/vachtuongcu.mp3_822015_824063.wav|Đã Tự dặn lòng là sẽ quên Phong
output/vachtuongcu.mp3_824319_830207.wav|Nhưng chẳng hiểu sao Trong thâm sâu nặng vẫn nghe em mơ hồ có tiếng gọi thôi thúc làm đêm đường
output/vachtuongcu.mp3_830975_832511.wav|Phần vì muốn kiếm tiền
output/vachtuongcu.mp3_832767_834303.wav|Phần vì muốn gặp lại phụ
output/vachtuongcu.mp3_835327_836607.wav|Nàng vẫn yêu chồng
output/vachtuongcu.mp3_836863_839167.wav|Nhưng ở người đàn ông xa lạ kia
output/vachtuongcu.mp3_839423_840703.wav|Có cái hấp lực gì đó
output/vachtuongcu.mp3_841215_843007.wav|Màn chắn khó có thể dứt bỏ được
output/vachtuongcu.mp3_844287_846079.wav|Đàng Thánh thờ vào ra
output/vachtuongcu.mp3_846335_847615.wav|Đắn đo suy tính
output/vachtuongcu.mp3_847871_850431.wav|Dịch tự tìm cho mình được một động cơ
output/vachtuongcu.mp3_850687_851711.wav|Rất chính đáng
output/vachtuongcu.mp3_852735_854015.wav|Để đi Thêm Lần Nữa
output/vachtuongcu.mp3_854527_855295.wav|Đó là
output/vachtuongcu.mp3_857087_858367.wav|Nàng không muốn gặp Phật
output/vachtuongcu.mp3_858623_861951.wav|Nhưng phải gặp để lấy lại số tiền đã cho Phong Vân
output/vachtuongcu.mp3_862463_865023.wav|Rồi trở về chuyến này là dứt khoát
output/vachtuongcu.mp3_865279_867327.wav|Từ đó không liên lạc với phòng nữa
output/vachtuongcu.mp3_869631_873727.wav|Đánh lừa được mình như vậy Hằng thấy an tâm chuẩn bị chuyến thứ tư
output/vachtuongcu.mp3_874239_876031.wav|Chỉ còn chờ dịp thuận tiện
output/vachtuongcu.mp3_876287_878335.wav|Xin hỏi ý với tỉnh mà thôi
output/vachtuongcu.mp3_881407_884479.wav|Một buổi tối hàng nằm thao thức không ngủ được
output/vachtuongcu.mp3_884991_891135.wav|Nỗi nhớ về người tình phương xa càng ngày càng day dứt lúc dục Hằng đi nhưng còn là
output/vachtuongcu.mp3_891391_893439.wav|Đại Chiến Thắng Bình Trọng
output/vachtuongcu.mp3_894207_898047.wav|Không nằm bên cạnh bỗng ngoài người vẫn to ngọn đèn
output/vachtuongcu.mp3_898815_900095.wav|Ảnh cúi xuống
output/vachtuongcu.mp3_900351_904447.wav|Muỗi cái hút dưới chân núi dang lượng vàng trang chở hàng
output/vachtuongcu.mp3_905471_911615.wav|Cả tháng nay nhìn vợ khổ giấu mình đoán chắc rằng như người thua bạc đang nóng
output/vachtuongcu.mp3_911871_914687.wav|Cho nên anh nghĩ
output/vachtuongcu.mp3_914943_921087.wav|Thà để vợ đi lần nữa mai ra gỡ được mà rảnh như không Mai
output/vachtuongcu.mp3_921343_923391.wav|Cũng cho Hằng được một niềm vui
output/vachtuongcu.mp3_923903_924671.wav|Còn hơn
output/vachtuongcu.mp3_924927_925695.wav|Để làm
output/vachtuongcu.mp3_925951_926975.wav|Ở nhà rồi
output/vachtuongcu.mp3_927231_928511.wav|Thở vẫn than giải
output/vachtuongcu.mp3_929791_930559.wav|Đình Bảo
output/vachtuongcu.mp3_932095_933887.wav|Hay là đi xuống nữa xem thế nào
output/vachtuongcu.mp3_935935_939519.wav|Ăn cơm tiệm vàng sung sướng muốn treo to lên
output/vachtuongcu.mp3_940031_941823.wav|Nhưng vẫn làm bộ máy nhảy
output/vachtuongcu.mp3_943615_947199.wav|Mặt nạ vàng để nhớ có việc gì thì giáo dần ra mà nuôi con
output/vachtuongcu.mp3_948223_950015.wav|Bây giờ anh bảo em cầm đi
output/vachtuongcu.mp3_950527_952319.wav|Không Mày mất hết thì làm thế nào
output/vachtuongcu.mp3_954879_956159.wav|Em chả đi nữa đâu
output/vachtuongcu.mp3_957183_957951.wav|Đỉnh dỗ
output/vachtuongcu.mp3_958207_959487.wav|Ôi giời
output/vachtuongcu.mp3_959743_960767.wav|Tiếc gì
output/vachtuongcu.mp3_961023_962815.wav|Đời ta muôn vàn đời nó
output/vachtuongcu.mp3_963583_969727.wav|Với lại nặng vàng này cũng là của trên-trời-rơi-xuống chứ có phải mồ hôi nước mắt gì đâu mà em mà
output/vachtuongcu.mp3_970751_971263.wav|Hướng nhà
output/vachtuongcu.mp3_971519_972543.wav|Chân nữa đi
output/vachtuongcu.mp3_973823_976383.wav|Hằng còn đưa đẩy thêm hai ba lần nữa
output/vachtuongcu.mp3_976639_978431.wav|Giờ mới miễn cưỡng bằng lòng
output/vachtuongcu.mp3_979455_985599.wav|Đang trở mình nằm nghiêng áp mặt vào vai tình gác chân lên đổi đỉnh và nhắm mắt lại
output/vachtuongcu.mp3_985855_989439.wav|Miên man mường tượng ra hình ảnh nồng nàn của Phong
output/vachtuongcu.mp3_989695_991743.wav|Màn hình sẽ gặp lại Neymar
output/vachtuongcu.mp3_993279_994303.wav|Hôm sau thức dậy
output/vachtuongcu.mp3_994815_996095.wav|Không lấy cái bình thủy
output/vachtuongcu.mp3_996351_998655.wav|Rót nước sôi pha trà lần cuối cùng
output/vachtuongcu.mp3_999167_1001471.wav|Trước khi bác đi bán chậu hàng xóm
output/vachtuongcu.mp3_1002239_1005055.wav|Dưỡng về vét sạch mọi thứ Vốn đếm còn lại
output/vachtuongcu.mp3_1005567_1006847.wav|Chào tất cả cho vợ
output/vachtuongcu.mp3_1008127_1010687.wav|Phản bội vã đi xin giấy phép đi đường
output/vachtuongcu.mp3_1011199_1013247.wav|Mua vé tàu sắm hàng hóa
output/vachtuongcu.mp3_1013759_1016063.wav|Chuẩn bị chắc lần vào Nam thứ tư
output/vachtuongcu.mp3_1018623_1021951.wav|Không đến đường đình bế con đưa ra tận cổng vào
output/vachtuongcu.mp3_1023743_1026815.wav|Em nhớ nói với cô phán là anh có lời hỏi thăm
output/vachtuongcu.mp3_1027327_1032703.wav|Nay mai giờ thương mẹ cho làm ăn phát tài thì thế nào anh cũng vào thăm cô
output/vachtuongcu.mp3_1032959_1035775.wav|Học mời cô sang hỏi nhảy tham quan cho biết
output/vachtuongcu.mp3_1037823_1038591.wav|Thằng gật đầu
output/vachtuongcu.mp3_1039103_1040127.wav|Anh chả phải giật
output/vachtuongcu.mp3_1040895_1042687.wav|Ảnh của vẫn thử với cô phá như thế
output/vachtuongcu.mp3_1043967_1047551.wav|Nàng đưa tay nắm bàn tay nhỏ nhắn của con và nói
output/vachtuongcu.mp3_1048575_1049087.wav|Cu Bi
output/vachtuongcu.mp3_1049343_1050623.wav|Ở nhà với bố nhé
output/vachtuongcu.mp3_1051391_1053183.wav|Mẹ đi vài hôm rồi mẹ về
output/vachtuongcu.mp3_1053695_1054975.wav|Mẹ mua bánh cho con
output/vachtuongcu.mp3_1055999_1058303.wav|Một cái đánh thì nhớ về mách mẹ nhé
output/vachtuongcu.mp3_1059839_1061119.wav|Đỉnh âu yếm nhất
output/vachtuongcu.mp3_1061887_1063935.wav|Thôi đi đi chẳng nhớ chưa đọc
output/vachtuongcu.mp3_1065471_1066495.wav|Thằng cuối xuống
output/vachtuongcu.mp3_1066751_1069311.wav|Sách hài cái túi vải nặng trịch bước ra lò
output/vachtuongcu.mp3_1069567_1071103.wav|Đón xe khách liên tỉnh
output/vachtuongcu.mp3_1074943_1076479.wav|Vào tiết Sài Gòn
output/vachtuongcu.mp3_1076735_1080575.wav|Dĩ nhiên thằng không ghé nhà bà có chồng như lời định dạng
output/vachtuongcu.mp3_1081343_1084927.wav|Mấy trên đầu thì Hằng phải đến đó để có chỗ liên lạc
output/vachtuongcu.mp3_1085183_1088255.wav|Bệnh nhân tiện để nhờ bà Kiếm mối giao dịch buôn bán
output/vachtuongcu.mp3_1089023_1091071.wav|Nhưng bây giờ thì không cần nữa
output/vachtuongcu.mp3_1091327_1093887.wav|Mà nói đúng ra thằng Còn tôi tránh mặt
output/vachtuongcu.mp3_1094143_1096703.wav|Bởi nạn đã có phòng
output/vachtuongcu.mp3_1096959_1101567.wav|Nàng đón xích lô đến thằng nhà phòng trong Con hẻm ở đường Cách Mạng Tháng 8
output/vachtuongcu.mp3_1101823_1103871.wav|Gần ngã tư Điện Biên Phủ
output/vachtuongcu.mp3_1105151_1106175.wav|Hôm Mỹ
output/vachtuongcu.mp3_1106431_1112575.wav|Xong vừa thay quần áo đang chuẩn bị dắt xe ra để sàng khánh hội thì thấy hàng xóm xích lô ngày
output/vachtuongcu.mp3_1114111_1119231.wav|Đã giật mình lao ra đỡ hộ Hằng hai túi hàng vào nhà và khép cửa lại
output/vachtuongcu.mp3_1119743_1125631.wav|Đã hơn hở ôm lấy hàng bạn trách sao bị lâu thế anh nhớ quá
output/vachtuongcu.mp3_1127167_1128703.wav|Thằng khác đầy đã già
output/vachtuongcu.mp3_1128959_1129983.wav|Ngồi xuống mép giường
output/vachtuongcu.mp3_1130751_1131775.wav|Hình ảnh thế nào để
output/vachtuongcu.mp3_1132543_1133567.wav|Nhất là hôm về
output/vachtuongcu.mp3_1135103_1136383.wav|Em bảo bị công an bắt
output/vachtuongcu.mp3_1137151_1138687.wav|Mất hết Cả vốn lẫn lãi
output/vachtuongcu.mp3_1140479_1144319.wav|Thông ở quận mấy rồi đến ngồi sát bên cạnh Hằng Thủy
output/vachtuongcu.mp3_1145087_1146623.wav|Các hãng hàng trắng
output/vachtuongcu.mp3_1147135_1149183.wav|Đêm nằm cứ trằn trọc nhớ em
output/vachtuongcu.mp3_1149439_1150975.wav|4 5 giờ sáng đã dậy
output/vachtuongcu.mp3_1151999_1153535.wav|Tưởng em không vào nữa chứ
output/vachtuongcu.mp3_1155071_1157631.wav|Thằng số nhẹ vai xong và nói
output/vachtuongcu.mp3_1157887_1158911.wav|Không vào thế nào
output/vachtuongcu.mp3_1159679_1161215.wav|Tiền và con gửi cả trong ngày
output/vachtuongcu.mp3_1162239_1163519.wav|Ở nhà lấy gì mà nuôi con
output/vachtuongcu.mp3_1164287_1170431.wav|Câu nói của Hằng nhắc phòng số 4 và gã đàn giữ của anh đã nói
output/vachtuongcu.mp3_1170687_1174783.wav|Vậy là chuyến này em vào đây chỉ để đòi tiền chứ đâu có phải vì nhớ anh
output/vachtuongcu.mp3_1176063_1178111.wav|Thôi được rồi Đã thế thì
output/vachtuongcu.mp3_1178367_1182207.wav|Anh chưa trả em vội vì anh mà trả em thì lại em đi luôn phải không
output/vachtuongcu.mp3_1182975_1186047.wav|Anh ấy là anh hỏi em là chồng lắm Nó có nghi ngờ gì không
output/vachtuongcu.mp3_1186559_1188607.wav|Kể ra mày cũng chán thật đấy chứ
output/vachtuongcu.mp3_1188863_1191423.wav|Vợ đẹp thế mà dám cho đi buôn một mình
output/vachtuongcu.mp3_1193471_1199615.wav|Thằng sung sướng đáp
output/vachtuongcu.mp3_1199871_1204479.wav|Đi buôn bị bắt là chuyện thường làm thế nào mà biết được
output/vachtuongcu.mp3_1205759_1207039.wav|Phong cười Đắc Thắng
output/vachtuongcu.mp3_1208063_1211135.wav|Nhìn bụi đường lấm tấm trên tóc và cuộn Hằng
output/vachtuongcu.mp3_1211391_1212927.wav|Đã xuất hàng đi tắm
output/vachtuongcu.mp3_1213183_1214975.wav|Nhưng hàng gạt đi thôi
output/vachtuongcu.mp3_1215487_1217535.wav|Để em đi bán cho xong những thứ này đã
output/vachtuongcu.mp3_1218303_1219583.wav|Ngày rộng tháng dài
output/vachtuongcu.mp3_1220351_1221375.wav|Đi đâu mà vội
output/vachtuongcu.mp3_1222399_1223423.wav|Phòng siêu thanh
output/vachtuongcu.mp3_1224191_1226495.wav|Khỏi phải đi đâu cả em Cứ chờ đấy
output/vachtuongcu.mp3_1227007_1230079.wav|Anh chạy đi Gọi người đến mua cho đỡ vất vả
output/vachtuongcu.mp3_1231359_1232383.wav|Ảnh vui mừng
output/vachtuongcu.mp3_1233919_1235711.wav|Thế thì để em đi tắm rửa thay quần áo
output/vachtuongcu.mp3_1236223_1237759.wav|Anh gọi người đến là vừa
output/vachtuongcu.mp3_1238271_1239295.wav|Anh đi ngay đi
output/vachtuongcu.mp3_1239551_1241855.wav|Chứa những người nợ này trong nhà làm gì
output/vachtuongcu.mp3_1242367_1243647.wav|Tấm được càng nhanh càng tốt
output/vachtuongcu.mp3_1245439_1247487.wav|Không phải lòng đẩy Honda ra cửa
output/vachtuongcu.mp3_1247743_1249535.wav|Đặt máy bạn nào địt
output/vachtuongcu.mp3_1250559_1254399.wav|Còn Lại Một Mình hằng vừa mở rõ lấy quần áo
output/vachtuongcu.mp3_1254655_1255935.wav|Vừa thoáng nhớ đến đỉnh
output/vachtuongcu.mp3_1256191_1259775.wav|Vợ đứa con 3 tuổi đang mong ngóng là ngoài Bắc
output/vachtuongcu.mp3_1260543_1263359.wav|Làm vội né tránh nghĩ làng sang chuyện khác
output/vachtuongcu.mp3_1264383_1265407.wav|Lệnh đêm
output/vachtuongcu.mp3_1265663_1270527.wav|Nhìn quanh căn nhà cảnh gọn rẻ nơi nhà nó liều lĩnh ở lại với phong
output/vachtuongcu.mp3_1270783_1273855.wav|Hơn hai tuần lễ và liều lĩnh hơn nữa
output/vachtuongcu.mp3_1274367_1280512.wav|Là đã cho Phong vay hay lắm vàng để gãi lò sang tên căn nhà và mua hộ khẩu
output/vachtuongcu.mp3_1280768_1281280.wav|Thành phố
output/vachtuongcu.mp3_1283072_1286400.wav|Thằng viết Phong ngay từ chuyến đi thứ nhất tại nhà cổ Pháp
output/vachtuongcu.mp3_1286912_1288192.wav|Phòng cũng là dân buôn
output/vachtuongcu.mp3_1288448_1290496.wav|Nhưng chỉ đứng trung gian mai mối
output/vachtuongcu.mp3_1290752_1291776.wav|Không cần vốn
output/vachtuongcu.mp3_1292544_1294592.wav|Meizu có cần ra cũng không có
output/vachtuongcu.mp3_1295104_1296640.wav|Bởi gã sống Phóng Túng
output/vachtuongcu.mp3_1296896_1299200.wav|Tiền vào tay phải ra tay trái
output/vachtuongcu.mp3_1299456_1301248.wav|Không Chắc chiều cho ngày mai
output/vachtuongcu.mp3_1302528_1304064.wav|Giữa những bản hành ngược xuôi
output/vachtuongcu.mp3_1304576_1306112.wav|Sở dĩ đã có chỗ đứng
output/vachtuongcu.mp3_1306368_1309696.wav|Là nhờ duy trì được cái bề ngoài có vẻ ăn nên làm ra
output/vachtuongcu.mp3_1310208_1311744.wav|Biểu lộ qua chất Honda
output/vachtuongcu.mp3_1312000_1314048.wav|Lúc nào cũng lau chùi bóng loáng
output/vachtuongcu.mp3_1314560_1316352.wav|Áo quần ăn mặc tùy chỉnh
output/vachtuongcu.mp3_1316608_1318144.wav|Đồng hồ bút máy
output/vachtuongcu.mp3_1318400_1322240.wav|Kiếm mắt thứ nào không thuộc loại có nhãn hiệu dễ tiêu thụ
output/vachtuongcu.mp3_1323776_1329920.wav|Nhờ quen biết nhiều gái chảnh tới chạy lui gọi người này kêu người kia bán món này
output/vachtuongcu.mp3_1330176_1331712.wav|Món khác đứng ở giữa
output/vachtuongcu.mp3_1331968_1333504.wav|Kiến trúc lời bỏ túi
output/vachtuongcu.mp3_1334528_1335552.wav|Những người như Phong
output/vachtuongcu.mp3_1335808_1338112.wav|Người ta thấy Nhàn Nhàn ở khắp các chợ trời
output/vachtuongcu.mp3_1338368_1343488.wav|Đôi khi sống rất Vương Giả chỉ nhờ cặp mắt lanh lợi và cái miệng khéo nói
output/vachtuongcu.mp3_1345024_1351168.wav|Dream Phong thì chưa thể xếp vào hàng khá lắm nhưng lúc nào cũng có tiền để ăn phải tương đối
output/vachtuongcu.mp3_1351424_1352192.wav|Giải
output/vachtuongcu.mp3_1352960_1359104.wav|Không phải chỉ trên thị trường hàng tiêu dùng phong cách thành công đâu mà hơn thế nữa
output/vachtuongcu.mp3_1359360_1365504.wav|Trong cả những dịch vụ khó khăn hơn cả lúc vẫn lao vào và thu được nhiều kết quả khả quan
output/vachtuongcu.mp3_1365760_1371904.wav|Sĩ quan ở Trại cải tạo về mất hộ khẩu cần cái giấy chứng nhận việc làm ở một cơ quan
output/vachtuongcu.mp3_1372160_1374720.wav|Để khỏi bị địa phương Đảng Có gì
output/vachtuongcu.mp3_1375232_1376000.wav|Ông lo trước
output/vachtuongcu.mp3_1376768_1378560.wav|Thậm chí Kiếm mối vượt biên
output/vachtuongcu.mp3_1378816_1380864.wav|Đôi khi phong cũng vẫn ra đường dây
output/vachtuongcu.mp3_1381376_1383680.wav|Nói chi đến vài thứ giấy tờ lại
output/vachtuongcu.mp3_1384192_1388288.wav|Như thế cử tri chứng minh thư nhân dân phải giấy phép đi đường
output/vachtuongcu.mp3_1388544_1391360.wav|Thì phối phòng dễ như lấy đồ trong túi
output/vachtuongcu.mp3_1393152_1395200.wav|Đứng trước một người lão luyện như thế
output/vachtuongcu.mp3_1395712_1397760.wav|Thì hằng chỉ là con nai vàng ngơ ngác
output/vachtuongcu.mp3_1398272_1400576.wav|Bị gãy dẫn dắt từ nhạc như ngày
output/vachtuongcu.mp3_1400832_1401856.wav|Quá bất ngờ khác
output/vachtuongcu.mp3_1402112_1403904.wav|Chính hãng bị cuốn hút
output/vachtuongcu.mp3_1404160_1405952.wav|Quên Hạnh căn nhà nhỏ bé
output/vachtuongcu.mp3_1406208_1407232.wav|Hà Sơn Bình
output/vachtuongcu.mp3_1407488_1408768.wav|Nơi có chồng con
output/vachtuongcu.mp3_1409024_1411072.wav|Đang ngóng cổ đợi làm về
output/vachtuongcu.mp3_1413888_1414912.wav|Thằng ngồi một lúc
output/vachtuongcu.mp3_1415424_1417728.wav|Phòng trở lại với một người đàn bà
output/vachtuongcu.mp3_1418752_1420544.wav|Thằng Bảo phòng khép cửa lại
output/vachtuongcu.mp3_1420800_1422592.wav|Mở hai cái túi vải
output/vachtuongcu.mp3_1422848_1424384.wav|Chút hết hẳn ra nền gạch
output/vachtuongcu.mp3_1425408_1428736.wav|Cả ba ngồi tính toán so đo Trả Giá
output/vachtuongcu.mp3_1428992_1430528.wav|Xinh hơn một tiếng đồng hồ
output/vachtuongcu.mp3_1430784_1432576.wav|Thì thanh toán xong mọi thứ
output/vachtuongcu.mp3_1434368_1436160.wav|Mặt hàng đem từ ngoài kia vào đây
output/vachtuongcu.mp3_1436672_1439488.wav|Không phải là đường dài chính để hằng kiếm lời
output/vachtuongcu.mp3_1439744_1441792.wav|Bởi lý do giản dị là miền Bắc
output/vachtuongcu.mp3_1442048_1444352.wav|Hít có thứ nào hiện đại hơn miền Nam
output/vachtuongcu.mp3_1445376_1449984.wav|Chủ yếu lắm mua mặt hàng từ thành phố Hồ Chí Minh Huân ra ngoài Bắc bán
output/vachtuongcu.mp3_1450240_1451264.wav|Mới là nguồn lợi
output/vachtuongcu.mp3_1451520_1452800.wav|Để người ta làm giàu
output/vachtuongcu.mp3_1454848_1455872.wav|Khách đi rồi
output/vachtuongcu.mp3_1456128_1457664.wav|Anh vẫn ngồi trên bến cảng
output/vachtuongcu.mp3_1457920_1460736.wav|Ngay phía dưới cái quạt trần đang vô thổi
output/vachtuongcu.mp3_1461504_1464576.wav|Nặng nhất xa1 sắc tiền nhỏ đưa cho phòng
output/vachtuongcu.mp3_1464832_1465344.wav|Bà nội
output/vachtuongcu.mp3_1466112_1467392.wav|Phần của anh đây
output/vachtuongcu.mp3_1468672_1469952.wav|Phòng khách cửa lại
output/vachtuongcu.mp3_1470720_1473792.wav|Rồi tiến đến bên thành ngồi xuống bên cạnh
output/vachtuongcu.mp3_1474560_1479168.wav|Làm biếng tắm xong thấy bộ quần áo mới và quấn cái khăn bông trên đầu
output/vachtuongcu.mp3_1479424_1480960.wav|Dán điện thoại máy
output/vachtuongcu.mp3_1481216_1481984.wav|Mời gọi
output/vachtuongcu.mp3_1483008_1485568.wav|Không quảng cáo tai Quan Âm Hằng Gia Bảo
output/vachtuongcu.mp3_1486592_1487616.wav|Em cắt đi
output/vachtuongcu.mp3_1487872_1489664.wav|Anh lấy của em làm gì
output/vachtuongcu.mp3_1490944_1493248.wav|Thằng sung sướng kêu lên
output/vachtuongcu.mp3_1493760_1495296.wav|Lần nào anh cũng cho em
output/vachtuongcu.mp3_1495552_1497344.wav|Bán bún thế thì lấy gì mà sống
output/vachtuongcu.mp3_1498112_1504256.wav|Quả thật đúng như hắn nói tiếng là làm trung gian rắn mối kiếm lời
output/vachtuongcu.mp3_1504768_1508608.wav|Nhưng anh từ lần đầu tiên giới thiệu người mua bán giúp Hằng
output/vachtuongcu.mp3_1508864_1512192.wav|Phòng đều không tính tiền công không Lấy phần của mình
output/vachtuongcu.mp3_1512704_1516288.wav|Đã biết thả con trai nhỏ để bắt con cá lớn
output/vachtuongcu.mp3_1516800_1519360.wav|Những hằng lại coi đó là một thái độ hào phóng
output/vachtuongcu.mp3_1519616_1521408.wav|Mở cá rảnh riêng cho nàng
output/vachtuongcu.mp3_1521664_1522944.wav|Nên lãnh cảm
output/vachtuongcu.mp3_1523456_1526272.wav|Có thiện cảm với đã ngay lần đầu gặp gỡ
output/vachtuongcu.mp3_1527808_1529600.wav|Phòng ghét ai hẳn thì thầm
output/vachtuongcu.mp3_1530624_1532928.wav|Báo phỏng vấn bằng tiếng Anh nhớ quá
output/vachtuongcu.mp3_1534208_1536512.wav|Thằng khác đẩy đã ra và mắm
output/vachtuongcu.mp3_1540864_1545472.wav|Nói thế nhưng khi phông rộng lần thứ hai và kéo cánh tay hàng đứng dậy
output/vachtuongcu.mp3_1545728_1547776.wav|Làm cũng ngoan ngoãn đứng lên
output/vachtuongcu.mp3_1548032_1549312.wav|Em gái bảo buồn
output/vachtuongcu.mp3_1549568_1550848.wav|Tất cả rèm cửa lại
output/vachtuongcu.mp3_1551616_1554944.wav|Đang ngồi xuống mép giường để in cho Phong cởi cúc áo
output/vachtuongcu.mp3_1555456_1557760.wav|Bà chỉ yếu ớt chống đối
output/vachtuongcu.mp3_1558272_1559808.wav|Người ta Vừa mới gội đầu
output/vachtuongcu.mp3_1560320_1561600.wav|Tóc còn ướt sũng thế này
output/vachtuongcu.mp3_1562112_1563392.wav|Cho bằng được
output/vachtuongcu.mp3_1564928_1571072.wav|Sau khoảnh khắc đam mê xác thịt thằng nằm im nào nào nhớ đến đỉnh
output/vachtuongcu.mp3_1571584_1575424.wav|Và nỗi ân hận đưa nàng trở về với thực tại
output/vachtuongcu.mp3_1575680_1580544.wav|Làng ném tiếng thở dài dứt khoát bảo mình chuyến này là lần cuối
output/vachtuongcu.mp3_1580800_1581824.wav|Gần gũi xong
output/vachtuongcu.mp3_1582592_1583360.wav|Ngày mai
output/vachtuongcu.mp3_1583616_1587712.wav|Nam sinh ở Phong đưa đi mua hàng giờ ngày kia quay về Bắc
output/vachtuongcu.mp3_1588736_1590272.wav|Đang trở mình nằm nghiêng
output/vachtuongcu.mp3_1591040_1592064.wav|Quay sang phía Phòng
output/vachtuongcu.mp3_1592320_1594624.wav|Từ nãy đến giờ vẫn nằm ngửa hút thuốc
output/vachtuongcu.mp3_1594880_1596672.wav|Hỏi phun mổ mệt Linh Trần
output/vachtuongcu.mp3_1597440_1599488.wav|Đã chưa mặc quần áo gì cả
output/vachtuongcu.mp3_1600000_1600768.wav|Toàn thân
output/vachtuongcu.mp3_1601024_1605120.wav|Lợn trộm những vết thâm đen dấu tích rẻ ở thời mới lớn
output/vachtuongcu.mp3_1606144_1607424.wav|Hằng yêu thương hoài
output/vachtuongcu.mp3_1607936_1609472.wav|Giấy tờ anh lo xong chưa
output/vachtuongcu.mp3_1610240_1612544.wav|Sang tên nhà với hộ khẩu
output/vachtuongcu.mp3_1613568_1615104.wav|Phòng tử đắt khách lời
output/vachtuongcu.mp3_1616128_1617664.wav|Có gì mà không dám
output/vachtuongcu.mp3_1618944_1622784.wav|Biết Hằng muốn nhắc đến 2 lạng vàng làm cho mượn lần trước
output/vachtuongcu.mp3_1623040_1625088.wav|Ông đột ngột đổi giọng bực bội
output/vachtuongcu.mp3_1627136_1629952.wav|Cái con mẹ ba mẹ làm ăn thất hứa hoài nạn quá
output/vachtuongcu.mp3_1630720_1633024.wav|Ảnh đẹp chất như cái đứa mà không biết giữ chữ tín
output/vachtuongcu.mp3_1634048_1636352.wav|Ngày xưa anh buôn bán với nghịch đảo trong Chợ Lớn
output/vachtuongcu.mp3_1636608_1638400.wav|Anh học được người Tàu về chữ tín
output/vachtuongcu.mp3_1639168_1639936.wav|Em biết không
output/vachtuongcu.mp3_1640448_1641984.wav|Những món hàng Bạc Triệu
output/vachtuongcu.mp3_1642240_1643776.wav|Chỉ cần một lời hứa thôi
output/vachtuongcu.mp3_1644032_1645568.wav|Không có giấy tờ gì cả
output/vachtuongcu.mp3_1646080_1647616.wav|Mặt trước bao giờ họ sai
output/vachtuongcu.mp3_1648384_1650176.wav|Nói một là một hai là hai
output/vachtuongcu.mp3_1651456_1653760.wav|Người Việt bệnh thì hầu hết là các trớn
output/vachtuongcu.mp3_1654016_1655296.wav|Em có kích thích không
output/vachtuongcu.mp3_1655808_1658368.wav|Mấy cây vàng anh dốc hết vào mỗi ngày
output/vachtuongcu.mp3_1658624_1660928.wav|Tháng này con mẹ nó chưa chịu thanh toán
output/vachtuongcu.mp3_1661184_1662976.wav|Làm kẹp bốn quá trời
output/vachtuongcu.mp3_1664256_1666816.wav|Nhưng mà anh bảo đảm là chút này lời thẳng
output/vachtuongcu.mp3_1668864_1669632.wav|Ảnh tươi mát
output/vachtuongcu.mp3_1669888_1670400.wav|Hỏi lại
output/vachtuongcu.mp3_1670656_1671424.wav|Anh bảo sao
output/vachtuongcu.mp3_1671936_1673472.wav|Lời thăm là cái gì
output/vachtuongcu.mp3_1675008_1675776.wav|Ông cười
output/vachtuongcu.mp3_1676032_1679360.wav|Lời chậm là lãi nhiều nhiều lắm
output/vachtuongcu.mp3_1680896_1681664.wav|Thằng tò mò
output/vachtuongcu.mp3_1682688_1683968.wav|Buôn bán gì mà lại nhiều
output/vachtuongcu.mp3_1684480_1685504.wav|Con mẹ ba nào
output/vachtuongcu.mp3_1686016_1690368.wav|Chợ trời Huỳnh Thúc Kháng mà anh đưa em lại mua máy hát không
output/vachtuongcu.mp3_1692160_1694720.wav|Phong nổi lên chỉ dành cho hắn nghe
output/vachtuongcu.mp3_1694976_1698560.wav|Về một số mặt hàng đang có máy lực mạnh trên thị trường hiện nay
output/vachtuongcu.mp3_1699584_1701120.wav|Chẳng hạn Mua vải thun trơn
output/vachtuongcu.mp3_1701632_1704192.wav|Người mướn người In bông lên vải thun đó
output/vachtuongcu.mp3_1704704_1706496.wav|Vợ đem bỏ mối ở chợ Sài Gòn
output/vachtuongcu.mp3_1706752_1708288.wav|Học chữ An Đông với giá cao
output/vachtuongcu.mp3_1709056_1712640.wav|Thứ hàng này hiện rất được ưa chuộng để mai đổ bộ
output/vachtuongcu.mp3_1712896_1714688.wav|Đi Cát Bà các cô mặc vào
output/vachtuongcu.mp3_1714944_1715968.wav|Sẽ thấy nổi bật
output/vachtuongcu.mp3_1716224_1718528.wav|Nhiều các kiểu bông đã mắt in trên vải
output/vachtuongcu.mp3_1719808_1721856.wav|Những hằng mang được ra Bắc mà bán
output/vachtuongcu.mp3_1722112_1722880.wav|Thì chắc chắn
output/vachtuongcu.mp3_1723392_1724928.wav|Một Vốn Bốn Lời
output/vachtuongcu.mp3_1726464_1727232.wav|Trạm xăng
output/vachtuongcu.mp3_1727488_1732864.wav|Phòng bước xuống Mặc mỗi cái quần đùi và ngố vào để che bớt cặp đôi thâm đen có cả
output/vachtuongcu.mp3_1733632_1734656.wav|Giá tiến lại
output/vachtuongcu.mp3_1734912_1738496.wav|Mở tủ lôi ra Một xấp vải mẫu cho hãng xem bạn nói
output/vachtuongcu.mp3_1740544_1743104.wav|Con gái bây giờ phần đông đều làm ở các tổ hợp
output/vachtuongcu.mp3_1743616_1748224.wav|Mà làm tổ hợp thì chỉ có mặt đổ bộ là vừa đẹp lại vừa tiện hơn cả
output/vachtuongcu.mp3_1748992_1749760.wav|Em xem
output/vachtuongcu.mp3_1750016_1752320.wav|Ngoài Bắc làm gì có thứ hàng này phải không
output/vachtuongcu.mp3_1754112_1755136.wav|Thằng ngồi lên
output/vachtuongcu.mp3_1755392_1757952.wav|Mashup bài ướm thử vào người
output/vachtuongcu.mp3_1758208_1760256.wav|Bật quả nhìn thấy cửa kính Anh
output/vachtuongcu.mp3_1761024_1763072.wav|Cẩn thận hơn thẳng đứng dậy
output/vachtuongcu.mp3_1763328_1766912.wav|Tiến lại trước tấm gương lớn gắn trên bức tường phía cuối giường
output/vachtuongcu.mp3_1767424_1768704.wav|Xoay qua xoay lại
output/vachtuongcu.mp3_1769472_1771008.wav|Ngắm hát thêm một lúc nữa
output/vachtuongcu.mp3_1772032_1772800.wav|Thông báo
output/vachtuongcu.mp3_1773824_1778432.wav|Em mặc bộ đồ này về ngoại ấy thì anh bảo đảm là cả làng em
output/vachtuongcu.mp3_1778688_1779712.wav|Không ai nhận ra em
output/vachtuongcu.mp3_1781504_1782528.wav|Thằng buồn rầu
output/vachtuongcu.mp3_1783296_1785600.wav|Thứ này để cho các cô gái tỉnh thành
output/vachtuongcu.mp3_1786112_1787648.wav|Xinh nhà quê như em
output/vachtuongcu.mp3_1787904_1789952.wav|Mặc vào người ta cười chết
output/vachtuongcu.mp3_1792768_1795328.wav|Xong rồi điếu thuốc tiến lại sau lưng
output/vachtuongcu.mp3_1795584_1797376.wav|Đặt hai bàn tay lên vai Hằng
output/vachtuongcu.mp3_1798144_1799168.wav|Và thủ thỉ
output/vachtuongcu.mp3_1801472_1804800.wav|Anh chỉ mong có được một người vợ nhà quê như em thôi
output/vachtuongcu.mp3_1806336_1807616.wav|Rồi gái cười
output/vachtuongcu.mp3_1808128_1814272.wav|Nói đùa với em vậy thôi chứ quê hai tỉnh thì chủ yếu cũng đều là do áo quần bên ngoài cả
output/vachtuongcu.mp3_1815296_1817856.wav|Người đẹp nhờ lụa lúa tốt nhờ Phấn
output/vachtuongcu.mp3_1818624_1821440.wav|Cởi quần áo ra thì ai cũng giống như ai
output/vachtuongcu.mp3_1821696_1824256.wav|Làm sao phân biệt được nhà cô ấy hay là tỉnh
output/vachtuongcu.mp3_1848064_1854208.wav|Hàng hài lòng với nhận xét của Pháp
output/vachtuongcu.mp3_1854464_1858560.wav|Nàng trở lại xưởng Quang sắp phải và lấy áo mặc vào
output/vachtuongcu.mp3_1859072_1860864.wav|Đang kẹt đầu nhận xét
output/vachtuongcu.mp3_1861120_1862656.wav|Nhạc thật anh nhỉ
output/vachtuongcu.mp3_1863168_1864192.wav|Chạy là phải
output/vachtuongcu.mp3_1865216_1871360.wav|Phòng nhấn mạnh Chính vì thế lần này anh mới dốc ra cả mấy cây vàng để đổ vào
output/vachtuongcu.mp3_1872640_1875200.wav|Cái khó là làm thế nào tìm được chút tiền
output/vachtuongcu.mp3_1875968_1876992.wav|Nhiều kiểu bông
output/vachtuongcu.mp3_1877504_1879296.wav|Anh chỉ cần 18 có chỗ anh cho
output/vachtuongcu.mp3_1880064_1883392.wav|Em biết không anh mò mãi vào trong Chợ Lớn
output/vachtuongcu.mp3_1883648_1884928.wav|Mày kiếm đặt chỗ in
output/vachtuongcu.mp3_1885184_1886208.wav|Ảnh anh tay
output/vachtuongcu.mp3_1886720_1889792.wav|Ngày mai ai cũng biết thì mất độc quyền anh
output/vachtuongcu.mp3_1891072_1897216.wav|Rồi giá hạt dặm thịt trứng này em nên buồn thứ này phải không
output/vachtuongcu.mp3_1897472_1898752.wav|Thứ này thôi
output/vachtuongcu.mp3_1899264_1903872.wav|Không cần phải mua bất cứ thứ gì khác thế đi loạt là dòng to
output/vachtuongcu.mp3_1905408_1907712.wav|Trời sợ Hằng ngần ngại Phong thêm
output/vachtuongcu.mp3_1908224_1910528.wav|Anh còn mấy ngàn tiền
output/vachtuongcu.mp3_1911040_1912576.wav|Anh góp ý luôn với em
output/vachtuongcu.mp3_1913088_1916672.wav|Lần sau em vào lời lãi thế nào thì em chia cho anh
output/vachtuongcu.mp3_1917952_1919232.wav|Hàng ngắt lời
output/vachtuongcu.mp3_1919488_1922304.wav|Cầm tiền của anh mua hàng về ngoài ấy
output/vachtuongcu.mp3_1922560_1925888.wav|Ngộ nhỡ mất tích thì em lấy gì mà trả lại
output/vachtuongcu.mp3_1926912_1928448.wav|Phòng nhiễm mặn
output/vachtuongcu.mp3_1928960_1930752.wav|Giờ này mà em còn nói thế
output/vachtuongcu.mp3_1931264_1932544.wav|Của anh cũng như của em
output/vachtuongcu.mp3_1932800_1936640.wav|Mất thì thôi chứ Chả nhẽ em có lời mà lại quý đáng
output/vachtuongcu.mp3_1939456_1941760.wav|Thằng chớp mắt cảm động gật đầu
output/vachtuongcu.mp3_1942272_1943296.wav|Ông lại thêm
output/vachtuongcu.mp3_1944064_1948672.wav|Còn hai làm vàng Em cho anh mượn thì sáng mai anh sẽ đi thật còn mẹ bà
output/vachtuongcu.mp3_1948928_1954560.wav|Đòi nợ cho bằng nước để đưa lại cho em Hằng nói theo thói quen
output/vachtuongcu.mp3_1954816_1956352.wav|Thư thả vài hôm nữa cũng được
output/vachtuongcu.mp3_1956864_1957888.wav|Em còn ở đây mà
output/vachtuongcu.mp3_1958912_1960448.wav|Phong niêm mạc lắc đầu
output/vachtuongcu.mp3_1961472_1962240.wav|Đâu có được
output/vachtuongcu.mp3_1962496_1966336.wav|Vẫn biết là em yêu anh nhưng tiền bạc Anh muốn đâu ra đấy
output/vachtuongcu.mp3_1966848_1970688.wav|Zing.vn bà Thiếu Anh tên năm cây
output/vachtuongcu.mp3_1970944_1972736.wav|Quá hạn cả tháng này trả
output/vachtuongcu.mp3_1973504_1977600.wav|Nỗi lòng này thì cũng tại anh bận quá không có thì giờ gặp cô ấy
output/vachtuongcu.mp3_1977856_1981184.wav|Nhưng mà thôi bỏ chuyện đấy Bây giờ anh mời em đi ăn
output/vachtuongcu.mp3_1981696_1984000.wav|Em đi đường xa chắc cũng đói lắm rồi
output/vachtuongcu.mp3_1994240_1998336.wav|Ăn chải đầu thay quần áo rồi Leo lên ngồi yên sao không Đà
output/vachtuongcu.mp3_1998848_2004992.wav|Khoảng cánh tay ôm lấy bụng phòng bà cụ hàng xóm đang tưới rau trước cửa nhìn hai
output/vachtuongcu.mp3_2005248_2008576.wav|Bất cập mắt lạnh nhạt với quay mặt đi
output/vachtuongcu.mp3_2008832_2014976.wav|Không đứa nào ra chợ cũ ăn cơm tay rồi lái xe chậm chậm dọc theo bờ sông vắng
output/vachtuongcu.mp3_2015232_2021376.wav|Nàng tựa đầu vào vai Phong lãng mạn nghĩ đến ngày sẽ dứt hẳn chồng con từ
output/vachtuongcu.mp3_2021632_2025728.wav|Căn nhà tăm tối ngoại kim để dọn vào sống hạnh trong này với Phong
output/vachtuongcu.mp3_2026240_2028544.wav|Nàng nói nhỏ vào tai phone
output/vachtuongcu.mp3_2029312_2031360.wav|Được sống mãi như thế này thì thích nhỉ
output/vachtuongcu.mp3_2032640_2034432.wav|Phòng ngoại cổ lại nhấn mạnh
output/vachtuongcu.mp3_2035456_2039808.wav|Chính anh đã nói với em bao nhiêu lần rồi mà em đâu có thèm nghe
output/vachtuongcu.mp3_2040064_2046208.wav|Hay là thôi chúng mày đừng về nữa thằng im lặng thở dài
output/vachtuongcu.mp3_2046464_2051584.wav|Phòng cho xe dừng lại Đưa hẳn vào một tiệm giải khát lộ thiên trên bến tàu
output/vachtuongcu.mp3_2051840_2055680.wav|Dù rằng cả hai còn lo bụng và không ai khát nước
output/vachtuongcu.mp3_2057472_2063360.wav|Thầy Thích cái khung cảnh lãng mạn và thơ mộng mà cả đời nàng chỉ thấy mô tả trong tiểu thuyết
output/vachtuongcu.mp3_2063616_2069760.wav|Mãi đến gần nửa đêm gió sông thổi hát lên từng chậm làm Hằng
output/vachtuongcu.mp3_2070016_2072576.wav|Phòng mới đưa nàng về
output/vachtuongcu.mp3_2075136_2075904.wav|Đêm hôm ấy
output/vachtuongcu.mp3_2076160_2077696.wav|Hai người thức giấc khuya
output/vachtuongcu.mp3_2077952_2080256.wav|Nhìn mãi gần trưa hôm sau mới dậy nổi
output/vachtuongcu.mp3_2081024_2083584.wav|Chuyện làm ăn đã thỏa thuận với nhau xong cả
output/vachtuongcu.mp3_2084352_2086912.wav|Thằng An Tâm dốc hết tiền ra mua vải
output/vachtuongcu.mp3_2087424_2088704.wav|Bởi từ trước đến nay
output/vachtuongcu.mp3_2088960_2092800.wav|Dường như bất cứ lời khuyên nào của phongh cũng đều đúng cả
output/vachtuongcu.mp3_2093312_2096896.wav|Vả lại kích quy luật tình cảm ngàn đời vẫn thế
output/vachtuongcu.mp3_2097408_2098944.wav|Con gái lúc còn độc thân
output/vachtuongcu.mp3_2099200_2100736.wav|Tôi yêu cũng mãnh liệt
output/vachtuongcu.mp3_2100992_2106112.wav|Nhưng thường thì hết quần xi và mù quáng như đàn bà đã có chồng mà ngoại tình
output/vachtuongcu.mp3_2106880_2109440.wav|Cho nên bất cứ điều gì Phong nói với thằng
output/vachtuongcu.mp3_2109696_2111744.wav|Làm cũng thấy đó là chân lý
output/vachtuongcu.mp3_2112512_2113280.wav|Huống chi
output/vachtuongcu.mp3_2113536_2117632.wav|Từ ngày quen Phong đã bao giờ Phong lấy Quảng đồng bạc nào đâu
output/vachtuongcu.mp3_2118144_2120192.wav|Mọi ân cần của phòng đối với Hằng
output/vachtuongcu.mp3_2120448_2124032.wav|Rõ ràng điều trị xuất phát từ một động cơ duy nhất
output/vachtuongcu.mp3_2124288_2126336.wav|Là tình yêu mà thôi
output/vachtuongcu.mp3_2127616_2130432.wav|Ngồi ở Con hẻm gần chợ ông tạ
output/vachtuongcu.mp3_2130944_2134784.wav|Nơi có gánh hàng bún mọc thật ngon mà lần nào Bảo Nam
output/vachtuongcu.mp3_2135040_2136576.wav|Phòng cũng đưa hẳn tới anh
output/vachtuongcu.mp3_2137344_2138880.wav|Phòng nho nhỏ nhất là
output/vachtuongcu.mp3_2140416_2142208.wav|Anh thấy là mình lấy hàng xóm
output/vachtuongcu.mp3_2142464_2143744.wav|Để sẵn ở nhà anh
output/vachtuongcu.mp3_2144512_2146304.wav|Chừng nào em về thì mang về
output/vachtuongcu.mp3_2147072_2148608.wav|Không lấy sớm sợ hết á
output/vachtuongcu.mp3_2149120_2154496.wav|Bài càng ngày càng khan hiếm vì nhà nước không có ngoại tệ để nhập cảnh sợi
output/vachtuongcu.mp3_2155008_2161152.wav|Anh còn được 3.000 lát nữa anh đưa hết cho em đánh một chuyện lớn hơn là tôi buồn lát nhất
output/vachtuongcu.mp3_2162944_2165504.wav|Thần gật đầu
output/vachtuongcu.mp3_2166016_2167808.wav|Nhưng mà trên này em không ở đâu được đâu
output/vachtuongcu.mp3_2168320_2169856.wav|Có hàng là em về ngay
output/vachtuongcu.mp3_2170880_2171904.wav|Phòng tiêu diệt
output/vachtuongcu.mp3_2172672_2178048.wav|Sao lại thế anh chờ em từng giây từng phút mới gặp nhau đã đòi về là thế nào
output/vachtuongcu.mp3_2179584_2180608.wav|Giày da cười
output/vachtuongcu.mp3_2180864_2185216.wav|Nếu thế thì anh chả dại gì mà đưa em đi lấy hàng sớm
output/vachtuongcu.mp3_2187008_2187776.wav|Thằng cái lạ
output/vachtuongcu.mp3_2189312_2191872.wav|Bảo em vào lúc này thị trường còn tham nhũng phải bông
output/vachtuongcu.mp3_2192128_2193664.wav|Phải đi trước người ta chứ
output/vachtuongcu.mp3_2195968_2200576.wav|Ngộ Nhỡ có đứa nào đến nhanh chân hơn mình thì em ôm đúng tải ngay về máy để làm gì
output/vachtuongcu.mp3_2201344_2204672.wav|Nàng vừa dứt câu thì bảo hành bước lại hai tô bún
output/vachtuongcu.mp3_2204928_2206208.wav|Bốc hơi Nghi ngút
output/vachtuongcu.mp3_2206464_2207744.wav|Những miếng chả chiên
output/vachtuongcu.mp3_2208000_2213632.wav|Giò lụa Thái vuông đẩy lên miệng tô bên cạnh những viên mộc tròn như những viên bi
output/vachtuongcu.mp3_2213888_2216192.wav|Được phủ nước hàng nhỏ Thái Nguyên
output/vachtuongcu.mp3_2216448_2217216.wav|Chưa ăn
output/vachtuongcu.mp3_2217472_2218240.wav|Đã thích em
output/vachtuongcu.mp3_2218496_2221312.wav|Không gọi thêm một đĩa rõ nữa cho Hằng
output/vachtuongcu.mp3_2221568_2223872.wav|Rồi mới bốc rau phủ lên mặt đất
output/vachtuongcu.mp3_2224128_2229248.wav|Góp vốn thích ăn nhiều rau muống chẻ trộn lẫn với giá sống và tình giới
output/vachtuongcu.mp3_2229504_2235648.wav|Làm tăng thêm khẩu vị gấp bội gỡ cắt miếng chà đưa lên mổ ngành ô nhiễm rồi
output/vachtuongcu.mp3_2235904_2236416.wav|Bị bạo hành
output/vachtuongcu.mp3_2237440_2243584.wav|Anh định vài hôm nữa rủ em đi Vũng Tàu nghỉ mát ở lại với anh độ 2 tuần
output/vachtuongcu.mp3_2245888_2247424.wav|Thằng chớp mắt cảm động
output/vachtuongcu.mp3_2248704_2250496.wav|Em cũng thích Vũng Tàu lắm
output/vachtuongcu.mp3_2251008_2252032.wav|Cứ nghe anh nói mãi
output/vachtuongcu.mp3_2252288_2254592.wav|Mà cả đời có bao giờ được nhìn tận mắt đâu
output/vachtuongcu.mp3_2255872_2256896.wav|Phòng đỡ lời
output/vachtuongcu.mp3_2257152_2258944.wav|Thích thì ở lại anh đưa đi
output/vachtuongcu.mp3_2259712_2263296.wav|Anh ấy một lúc rồi xiêu lòng Nói nhỏ
output/vachtuongcu.mp3_2264320_2265600.wav|Ở đó một tuần thì được
output/vachtuongcu.mp3_2265856_2267648.wav|Hai tuần thì lâu quá
output/vachtuongcu.mp3_2268160_2270464.wav|Ăn nói thế nào với ông ấy
output/vachtuongcu.mp3_2270720_2273792.wav|Em còn đi đi lại lại nhiều
output/vachtuongcu.mp3_2274048_2275584.wav|Mình còn gặp nhau nhiều mà
output/vachtuongcu.mp3_2275840_2277120.wav|Ở lâu quá
output/vachtuongcu.mp3_2277376_2281472.wav|Chồng em Nhi không cho đi nữa thì khổ
output/vachtuongcu.mp3_2281728_2285312.wav|Phòng khách đầu thôi thì tùy em
output/vachtuongcu.mp3_2285824_2288640.wav|Những tin nhắn cũng phải ở với anh đổ mới ngày
output/vachtuongcu.mp3_2289408_2290944.wav|Hằng cười
output/vachtuongcu.mp3_2291200_2297344.wav|Một lần cũng đủ rồi em chỉ sợ cần anh lâu
output/vachtuongcu.mp3_2298624_2304768.wav|Không nhìn thẳng vào mặt hàng và chỉ chết nói nếu anh chán được em thì anh rất chăm khổ
output/vachtuongcu.mp3_2305792_2311936.wav|Anh nói thật mà em đi rồi Nhiều hôm anh thẫn thờ Chẳng thiết làm ăn gì nữa
output/vachtuongcu.mp3_2312192_2317568.wav|Chỉ mong mau mau thức dậy em vào thẳng không nói thêm gì nữa
output/vachtuongcu.mp3_2318080_2319872.wav|Cúi đầu ăn cho xong tô bún
output/vachtuongcu.mp3_2320128_2323200.wav|Nhưng trong lòng cảm xúc đang dâng tràn như sóng cuộn
output/vachtuongcu.mp3_2323456_2329600.wav|Nàng nhớ lại đã vài lần Phong liều lĩnh Da Nang bỏ chồng bỏ con ở lại luôn
output/vachtuongcu.mp3_2329856_2331904.wav|Phòng CN hộ khẩu
output/vachtuongcu.mp3_2332160_2333952.wav|Để anh gửi chung sống với nhau
output/vachtuongcu.mp3_2334720_2339072.wav|Và chính nàng trong cơn cuồng nhiệt xác thịt cũng đã có lúc yếu lòng
output/vachtuongcu.mp3_2339328_2340864.wav|Muốn làm theo lời giải
output/vachtuongcu.mp3_2341888_2348032.wav|Ăn sáng xong không đưa hàng về và dặn em ngồi chờ anh nhé Anh anh chạy
output/vachtuongcu.mp3_2348288_2354432.wav|Người ta xem có hàng về trước Chiều nay chúng mình đi lấy Lo cho xong việc rồi mình ra cấp cho
output/vachtuongcu.mp3_2355712_2361856.wav|Ăn gật đầu khác ở lại lên giường nằm vì đêm qua thức quá khuya
output/vachtuongcu.mp3_2362112_2363136.wav|Mắt vẫn còn cay
output/vachtuongcu.mp3_2363648_2366976.wav|Phòng phóng Honda đi mấy tiếng đồng hồ sau mới trở lại
output/vachtuongcu.mp3_2367232_2369536.wav|Thấy giá xúc xích lô loại cổng
output/vachtuongcu.mp3_2369792_2375936.wav|Hàng ngạc nhiên hỏi không vào hẳn trong nhà Vừa lau mồ
output/vachtuongcu.mp3_2376192_2380288.wav|Vừa lắc đầu chán nản bỏ sữa ngoài kia
output/vachtuongcu.mp3_2380544_2386688.wav|Bắt cá mập đang chạy Thủy Hử định sang con mẹ ba Bình Khánh Hội lấy tiền cho em mà
output/vachtuongcu.mp3_2386944_2393088.wav|Đi tới Trần Hưng Đạo thì tự nhiên tắt máy xong chứ này anh đổi sẽ khác à nhưng
output/vachtuongcu.mp3_2393344_2399488.wav|Có hàng dưới mình đi xích lô càng tốt em ạ Anh thích ngồi chung xích lô với em
output/vachtuongcu.mp3_2399744_2403328.wav|Trích lời gã móc túi sầu luôn là một nắm tiền
output/vachtuongcu.mp3_2403584_2404608.wav|Chào hết cả
output/vachtuongcu.mp3_2405376_2407936.wav|Anh hơi anh hùng với em 2000
output/vachtuongcu.mp3_2408448_2409984.wav|Em cứ đèn vải với mày bán
output/vachtuongcu.mp3_2410496_2412800.wav|Lời lãi thế nào Chuyến sau vào cho anh biết
output/vachtuongcu.mp3_2414080_2416128.wav|Thằng Đỡ tiền nhét hết vào ký
output/vachtuongcu.mp3_2416640_2419968.wav|Nàng đeo lên vai rửa cùng phòng Ra đầu ngõ đón xe
output/vachtuongcu.mp3_2421504_2425344.wav|Đứng dưới một tảng cây thưa lá giữa dòng người qua lại tấp nập
output/vachtuongcu.mp3_2425856_2428160.wav|Không Nhìn thằng ái ngại và nó nhỏ
output/vachtuongcu.mp3_2429440_2431232.wav|Tỷ lệ trả góp không chắc ăn
output/vachtuongcu.mp3_2431488_2433792.wav|Nguy hiểm lắm sắp xếp tủ đồ
output/vachtuongcu.mp3_2434304_2437120.wav|Em có chụp áo thì nhét vào lấy kim bằng cài lại
output/vachtuongcu.mp3_2438144_2439936.wav|Thằng không suy nghĩ
output/vachtuongcu.mp3_2440448_2441472.wav|Em làm gì vào túi
output/vachtuongcu.mp3_2441728_2443776.wav|Mà có cũng chả để được bao nhiêu
output/vachtuongcu.mp3_2444288_2446336.wav|Theo
output/vachtuongcu.mp3_2446848_2449152.wav|Tất cả vào túi quần anh đi
output/vachtuongcu.mp3_2450688_2453248.wav|0 nghìn người mấy giây rồi nhận lời
output/vachtuongcu.mp3_2454272_2455296.wav|Cũng được
output/vachtuongcu.mp3_2455808_2458880.wav|Nhưng mà em đã đến xuất tinh của em chứ
output/vachtuongcu.mp3_2460160_2462464.wav|Cần gạt đi
output/vachtuongcu.mp3_2462720_2463744.wav|Của anh 2000
output/vachtuongcu.mp3_2464512_2465536.wav|Còn bao nhiêu là của
output/vachtuongcu.mp3_2466560_2467328.wav|Phòng cười
output/vachtuongcu.mp3_2467584_2470400.wav|Ừ Vậy mà anh nghĩ không ra đấy
output/vachtuongcu.mp3_2472192_2475520.wav|Cất tiền vào túi xong Phong là nhìn hẳn ưu tư nói thêm
output/vachtuongcu.mp3_2477056_2479872.wav|Hôm nay sao em lại đeo dây chuyền với bông tai làm gì
output/vachtuongcu.mp3_2480896_2484992.wav|Lúc đấy Ở nhà anh không để ý chẳng lẽ già mấy chữ này để tháo sạc
output/vachtuongcu.mp3_2485248_2486784.wav|Bỏ cả nhà thì tốt hơn
output/vachtuongcu.mp3_2487296_2490368.wav|Trộm cắp Bây giờ em biết chọn anh chả phải kể
output/vachtuongcu.mp3_2490880_2497024.wav|Có bị mất mạng chỉ vì sợi dây có hai chị thôi thằng gật đầu đồng
output/vachtuongcu.mp3_2498048_2500096.wav|Bình phong nàng thấy rất an lòng
output/vachtuongcu.mp3_2500352_2502144.wav|7 lúc nào cả cũng chu đáo
output/vachtuongcu.mp3_2502656_2503168.wav|Thôi
output/vachtuongcu.mp3_2503680_2505216.wav|Anh bỏ vào túi áo cho em
output/vachtuongcu.mp3_2505728_2507520.wav|Em bé đeo
output/vachtuongcu.mp3_2508032_2509312.wav|Đi xe hỏa ra chợ
output/vachtuongcu.mp3_2510336_2513663.wav|Đeo máy tứ quý để làm gì
output/vachtuongcu.mp3_2514943_2519039.wav|Vừa nói hằng vừa đưa tay Gỡ hết nữ trang chào trọc
output/vachtuongcu.mp3_2519551_2521599.wav|Giá xuất khăn mùi xoa Bọc lại
output/vachtuongcu.mp3_2521855_2523391.wav|Bằng tất cả vào túi quần
output/vachtuongcu.mp3_2523647_2526207.wav|Rồi an tâm đưa tay vẫy xích lô
output/vachtuongcu.mp3_2529023_2530303.wav|Xe đưa hai người đến
output/vachtuongcu.mp3_2530559_2532607.wav|Đầu một con hẻm nhỏ ở đường Lê Lai
output/vachtuongcu.mp3_2533119_2536447.wav|Phong Lôi hẳn tạt vào một quán cách gọi 2 ly đá chanh
output/vachtuongcu.mp3_2537215_2538751.wav|Đã uống vài hết rồi bảo hành
output/vachtuongcu.mp3_2539519_2542079.wav|Em ngủ trước anh ở đây để anh vào lấy hàng
output/vachtuongcu.mp3_2542591_2545663.wav|Căn nhà hai tầng có bức tường đen
output/vachtuongcu.mp3_2545919_2546687.wav|Em thấy chưa
output/vachtuongcu.mp3_2547455_2553599.wav|Ông này là người Việt gốc Hoa làm ăn đàng hoàng lắm nhưng tính ông ấy cẩn thận không chịu gặp
output/vachtuongcu.mp3_2553855_2559999.wav|Em gọi sẵn cho anh cái xích lô để mình chở hàng vậy Hằng gật đầu
output/vachtuongcu.mp3_2563839_2564607.wav|Phòng đứng dậy
output/vachtuongcu.mp3_2565119_2565887.wav|Nhanh chứ
output/vachtuongcu.mp3_2566143_2569215.wav|Nhưng cũng phải mất độ 15 20 phút để kiểm hàng
output/vachtuongcu.mp3_2570495_2574335.wav|Giết lời gái quăng điếu thuốc xuống trần bước nhanh vào con hẻm
output/vachtuongcu.mp3_2577151_2579711.wav|Ngồi ở quán nước đến hơn 2 tiếng đồng hồ
output/vachtuongcu.mp3_2579967_2585855.wav|Đi đá tranh tất cả từ lâu và bình trà sữa quán băng ra hẳn cũng đã uống gần hết
output/vachtuongcu.mp3_2586111_2587903.wav|Vẫn không thấy thăm trở lại
output/vachtuongcu.mp3_2588415_2591231.wav|Thằng đưa mắt lắm ruột nhìn vào con hẻm nhỏ
output/vachtuongcu.mp3_2591487_2595583.wav|Đứng lên ngồi xuống cả chục lần vẫn không thấy bóng người yêu
output/vachtuongcu.mp3_2596351_2600959.wav|Chịu không nổi làng trả tiền nước rồi nấm đi vào tiêm phòng
output/vachtuongcu.mp3_2601727_2604543.wav|Nàng đâm đâm nó từng căn nhà hai bên
output/vachtuongcu.mp3_2604799_2606847.wav|Nhưng không biết phong vào nhà nào
output/vachtuongcu.mp3_2607359_2609407.wav|Operon đi tới đi lui
output/vachtuongcu.mp3_2609663_2612735.wav|Kiếm dân cư xung quanh vài nhất là trẻ con trong xóm
output/vachtuongcu.mp3_2612991_2614783.wav|Đường Nguyễn Hằng giỏ xách
output/vachtuongcu.mp3_2615551_2616575.wav|Đăng nhập
output/vachtuongcu.mp3_2617087_2623231.wav|Cúi mặt bước ra đứng quanh quẩn ở đầu ngõ đứng một lúc nàng lại quay nhìn
output/vachtuongcu.mp3_2623487_2626815.wav|Căn nhà của bức tường đen mà Phong chỉ cho nàng lúc nãy
output/vachtuongcu.mp3_2627071_2633215.wav|Đánh liều quay vào Gõ Cửa chứng nhân là một bà cụ gần gõ Nhắm Mắt
output/vachtuongcu.mp3_2633471_2637823.wav|Nhìn hàng chờ đợi nàng cúi đầu chào và hỏi
output/vachtuongcu.mp3_2638335_2639103.wav|Ca cổ
output/vachtuongcu.mp3_2639359_2641663.wav|Có trong nhà này không ạ
output/vachtuongcu.mp3_2642943_2644735.wav|Bà cụ ngơ ngác nhìn Hằng
output/vachtuongcu.mp3_2644991_2645759.wav|Sông nào
output/vachtuongcu.mp3_2646271_2648063.wav|Nhà này làm gì có ai tên Phong
output/vachtuongcu.mp3_2650111_2651391.wav|Thằng phân Trần
output/vachtuongcu.mp3_2652159_2652927.wav|Được không
output/vachtuongcu.mp3_2653183_2654975.wav|Anh không Con vào đây mua vải
output/vachtuongcu.mp3_2655231_2656767.wav|Anh ấy ở ngoài kia
output/vachtuongcu.mp3_2658047_2659839.wav|Bà cụ càng ngạc nhiên hơn
output/vachtuongcu.mp3_2660607_2661631.wav|Giải đâu mà mua
output/vachtuongcu.mp3_2661887_2663167.wav|Làm gì có giải
output/vachtuongcu.mp3_2664959_2666239.wav|Hằng khổ sở
output/vachtuongcu.mp3_2667263_2669311.wav|Rõ ràng anh ấy bảo con là nhà này
output/vachtuongcu.mp3_2669823_2671871.wav|Bức tường đen
output/vachtuongcu.mp3_2672895_2674943.wav|Bà cụ nhìn nàng tội nghiệp
output/vachtuongcu.mp3_2675711_2676735.wav|Câu hỏi làm nhà rồi
output/vachtuongcu.mp3_2678527_2681599.wav|Ảnh tuyệt vọng quay đi quên cả Chào Từ Giã
output/vachtuongcu.mp3_2682111_2688255.wav|Nàng bật khóc vì vừa thoáng nghĩ đến những lừa đảo trong giới buôn bán những mẩu chuyện nàng nghe quá đi
output/vachtuongcu.mp3_2688511_2689279.wav|Trên xe lửa
output/vachtuongcu.mp3_2689535_2690559.wav|Ngoài chợ trời
output/vachtuongcu.mp3_2690815_2696959.wav|Nhưng chẳng bao giờ tin rằng nó sẽ xảy đến với vị mà tiếp làm sao được bởi
output/vachtuongcu.mp3_2697215_2703359.wav|Nồng nàn của Phong còn văng vẳng bên tai tha thiết rủ nàng nán lại để rong chơi ngoài bãi
output/vachtuongcu.mp3_2704383_2707711.wav|Nàng cắn chặt đôi môi đưa cánh tay của nước mắt
output/vachtuongcu.mp3_2708479_2710271.wav|Một đứa bé đang Đức Vĩnh
output/vachtuongcu.mp3_2710527_2716671.wav|Cửa tay cầm củ khoai luộc chấm mắm nhìn nàng vì thấy thằng khác Thằng gì
output/vachtuongcu.mp3_2716927_2721279.wav|Lại hỏi cầu may
output/vachtuongcu.mp3_2721791_2723071.wav|Phải không
output/vachtuongcu.mp3_2724351_2726399.wav|Đứa bé lắc đầu như thế nào
output/vachtuongcu.mp3_2727423_2728959.wav|Làm gì có ai bán vải ở đây
output/vachtuongcu.mp3_2729215_2731007.wav|Có muốn mua vải thì ra chợ mà mua
output/vachtuongcu.mp3_2732287_2734335.wav|Hằng lại quay bảo hiểm một lần nữa
output/vachtuongcu.mp3_2734591_2735871.wav|Bước vô thật sâu
output/vachtuongcu.mp3_2736127_2738175.wav|Nhìn Đăm Đăm từ căn nhà
output/vachtuongcu.mp3_2738431_2741503.wav|Những lỗi nhỏ chằng chịt ăn thông cho các con phố khác
output/vachtuongcu.mp3_2741759_2744575.wav|Làm Làm rối mắt không biết nên chọn hướng nào
output/vachtuongcu.mp3_2745855_2747391.wav|Anh đang chở ra quán nước
output/vachtuongcu.mp3_2747647_2748927.wav|Đứng thêm một lúc nữa
output/vachtuongcu.mp3_2749695_2752255.wav|Rồi quyết định đón xe chở về
output/vachtuongcu.mp3_2753279_2754815.wav|Đang mở port
output/vachtuongcu.mp3_2755071_2756095.wav|Kiếm lại tiền
output/vachtuongcu.mp3_2756351_2759935.wav|Và đến lúc này mới Giật mình vì tất cả vốn liếng còn lại của nàng
output/vachtuongcu.mp3_2760191_2762495.wav|Chắc chỉ vừa đủ trả Quốc xe mà thôi
output/vachtuongcu.mp3_2764031_2767359.wav|Nàng vẫn mong manh hy vọng sẽ gặp lại phong tại nhà
output/vachtuongcu.mp3_2768127_2771455.wav|Vào lúc ấy chị chuyển tiền bạc không còn là vấn đề nữa
output/vachtuongcu.mp3_2772479_2776831.wav|Chẩn đoán có thể lúc nãy khi vào mua vải bị công an phát hiện bất ngờ
output/vachtuongcu.mp3_2777087_2779135.wav|Cho nên Phong phải bỏ chạy để thoát thân
output/vachtuongcu.mp3_2780927_2784767.wav|Một chiếc xích lô Đảng là tới thắng lợi trước mặt hàng
output/vachtuongcu.mp3_2785023_2787839.wav|Nàng kỳ kèo trả giá rồi leo lên
output/vachtuongcu.mp3_2788351_2792191.wav|Xe đi được một Quãng Hàm còn ngoái cổ nhìn lại con hẻm Định Mệnh
output/vachtuongcu.mp3_2792447_2794239.wav|Và lo nhắn thật dài
output/vachtuongcu.mp3_2797055_2799359.wav|Thằng về đến nhà thì cửa ngoài vẫn quá chật
output/vachtuongcu.mp3_2799615_2801663.wav|Lúc hai người ra đi
output/vachtuongcu.mp3_2801919_2803967.wav|Hàng ghé mắt nhìn qua khe hở
output/vachtuongcu.mp3_2804223_2806015.wav|Dẫu biết chắc rằng bên trong
output/vachtuongcu.mp3_2806271_2807039.wav|Không có ai
output/vachtuongcu.mp3_2807807_2809855.wav|Tôi đang tuyệt vọng ngồi xuống thèm đợi
output/vachtuongcu.mp3_2810367_2815487.wav|Tính ra từ lúc phòng chia tai nạn ở quán nước cho đến giờ đã hơn 4 tiếng đồng hồ
output/vachtuongcu.mp3_2816255_2819839.wav|Xong vẫn chưa về thì chắc hẳn Phong đã bị bắt ngay lúc đầu mùa
output/vachtuongcu.mp3_2820351_2824191.wav|Đầu gối thật đã đưa hết tiền và nhất là cả nữ trang cho Phong
output/vachtuongcu.mp3_2824447_2826495.wav|Để bây giờ người thì bị bắt
output/vachtuongcu.mp3_2826751_2828031.wav|10 thị trấn Thanh
output/vachtuongcu.mp3_2829823_2830847.wav|Trời tối sầm
output/vachtuongcu.mp3_2831103_2833151.wav|Hàng xuất ruột đứng lên ngồi xuống
output/vachtuongcu.mp3_2833407_2835199.wav|Tháng thở đi Ra đầu ngõ
output/vachtuongcu.mp3_2835455_2838783.wav|Rồi lại bơ vơ trở vào ngồi xuống chỗ cũ
output/vachtuongcu.mp3_2839039_2840831.wav|Bà cụ hàng xóm
output/vachtuongcu.mp3_2841087_2843903.wav|Vừa xách thùng nước ra tưới mấy cốc mướp trước sân
output/vachtuongcu.mp3_2844415_2848767.wav|Hầm bạo dạn lại sát hàng rào cất tiếng hỏi
output/vachtuongcu.mp3_2849279_2850303.wav|Cho con hỏi thăm
output/vachtuongcu.mp3_2850815_2851839.wav|Từ chiều đến giờ
output/vachtuongcu.mp3_2852095_2853631.wav|Cũng thấy ông Phong về đây không ạ
output/vachtuongcu.mp3_2854655_2857215.wav|Bà cụ lạnh nhạt đắt
output/vachtuongcu.mp3_2858751_2861567.wav|Hằng nổi thủy trở lại thèm nhà ngồi tiếp
output/vachtuongcu.mp3_2862591_2867199.wav|Bà cụ tưới rau xong sách các thùng không lại sát hàng rào Gọi hàng
output/vachtuongcu.mp3_2868479_2870527.wav|Cô là gì của thằng Phong
output/vachtuongcu.mp3_2871551_2873087.wav|Hằng vội đứng dậy
output/vachtuongcu.mp3_2873855_2874367.wav|Thưa
output/vachtuongcu.mp3_2874879_2876159.wav|Con là
output/vachtuongcu.mp3_2876415_2877951.wav|Người quen của anh ấy
output/vachtuongcu.mp3_2878719_2879999.wav|Bà cụ gắng
output/vachtuongcu.mp3_2880767_2882047.wav|Quen thế nào mới được chứ
output/vachtuongcu.mp3_2883327_2884863.wav|Hằng ấp úng thu nhận
output/vachtuongcu.mp3_2886143_2887167.wav|Anh ấy là
output/vachtuongcu.mp3_2887935_2888959.wav|Người yêu của con
output/vachtuongcu.mp3_2890239_2892287.wav|Bà cụ cay đắng cửa nhạc
output/vachtuongcu.mp3_2893311_2894847.wav|Tôi yêu thằng Phong mà
output/vachtuongcu.mp3_2895871_2897407.wav|Thế thì ở nhà cô hết rồi
output/vachtuongcu.mp3_2897663_2898943.wav|Tội nghiệp cho cô quá
output/vachtuongcu.mp3_2900223_2904831.wav|Hàng sắt Mình chưa kịp hỏi thêm thì bà cụ sách thằng bỏ vào nhà
output/vachtuongcu.mp3_2905087_2911231.wav|Đến cả tiếng đồng hồ sau bà trở ra vẫn thấy hàng ngồi đó trong bóng tối mờ mờ
output/vachtuongcu.mp3_2911487_2912767.wav|Trước căn nhà khóa kín
output/vachtuongcu.mp3_2913023_2915071.wav|Giơ tay đập muỗi liên hồi
output/vachtuongcu.mp3_2915327_2916607.wav|Bà Thượng Hải gọi
output/vachtuongcu.mp3_2917631_2918399.wav|Này cô
output/vachtuongcu.mp3_2919167_2922495.wav|Thằng đứng dậy chạy lại hàng rào
output/vachtuongcu.mp3_2923263_2924543.wav|Bà gắn dọc
output/vachtuongcu.mp3_2925567_2927871.wav|Cái thằng Phong đi đâu mà nó bỏ công người
output/vachtuongcu.mp3_2930431_2936575.wav|Thằng như đứa trẻ tô đơn bị bắt nạt bây giờ mới có người khỏi tới bữa nước mắt kể hết đầu tư
output/vachtuongcu.mp3_2936831_2939903.wav|Câu chuyện đi mua vải Chiều nay và làm kết luận
output/vachtuongcu.mp3_2941439_2943487.wav|Con rắn trừng Anh ấy đang lý giải
output/vachtuongcu.mp3_2944511_2945791.wav|Bị công an ập vào bắt
output/vachtuongcu.mp3_2947071_2948607.wav|Bà cụ Cười cái
output/vachtuongcu.mp3_2948863_2951679.wav|Có tiền rồi hả Bá quả chẳng ai bắt được nó
output/vachtuongcu.mp3_2951935_2954495.wav|Tôi nói thiệt nha Cô bị lừa rồi
output/vachtuongcu.mp3_2954751_2957055.wav|Cơ quan làm Thằng lưu manh rồi
output/vachtuongcu.mp3_2957311_2959103.wav|Ở đây ai cũng chạy mặt nó
output/vachtuongcu.mp3_2959359_2961663.wav|Chỉ có cô mới chân ướt chân ráo từ ngoài kia vô
output/vachtuongcu.mp3_2962175_2963455.wav|Không biết tôi thích nó
output/vachtuongcu.mp3_2963711_2964479.wav|Siêu nhân
output/vachtuongcu.mp3_2964735_2966527.wav|Bị nó lừa đó
output/vachtuongcu.mp3_2967551_2971647.wav|Thần tái mặt hoảng hốt kêu lên
output/vachtuongcu.mp3_2972927_2974463.wav|Bà cụ Hà giọng
output/vachtuongcu.mp3_2975487_2977023.wav|Đi hỏi cả cái số này mà coi
output/vachtuongcu.mp3_2977535_2979583.wav|Con cháu gái tôi cũng bị rơi vào tay nó đó
output/vachtuongcu.mp3_2979839_2983423.wav|Năm ngoái đi nhậu thay Tưởng chết rồi
output/vachtuongcu.mp3_2983679_2984703.wav|Thôi
output/vachtuongcu.mp3_2984959_2986751.wav|Số liệu thu xếp mà đi về đi
output/vachtuongcu.mp3_2987519_2991871.wav|Chợ nó thì nổ con mắt nó quất Ngựa Truy Phong rồi
output/vachtuongcu.mp3_2992639_2996991.wav|Thằng cãi
output/vachtuongcu.mp3_2998527_3000319.wav|Đi đâu thì cũng phải về chứ cũ
output/vachtuongcu.mp3_3001599_3003391.wav|Bà cụ cắn kẻ giải thích
output/vachtuongcu.mp3_3004159_3006719.wav|Thằng Phong mà có nhà có cửa thì đã khác
output/vachtuongcu.mp3_3007231_3009023.wav|Nhà này là của ông chú của nó
output/vachtuongcu.mp3_3009535_3010815.wav|Là cán bộ cao cấp
output/vachtuongcu.mp3_3011071_3013119.wav|Được nhà nước cấp cho một căn hộ này nè
output/vachtuongcu.mp3_3013375_3016447.wav|Nhưng mà ông bận công tác đi vắng nhà hoài hả
output/vachtuongcu.mp3_3016703_3018239.wav|Nên trao chìa khóa cho thằng Phong
output/vachtuongcu.mp3_3018495_3020287.wav|Đặt điện thoại mới về quét dọn
output/vachtuongcu.mp3_3021055_3023615.wav|Thằng Phong chuyển vùng miệng lưỡi của nó đi gặp người ta
output/vachtuongcu.mp3_3024383_3026431.wav|Mượn đầu này giật đầu kia
output/vachtuongcu.mp3_3026687_3028735.wav|Đồng bạc nào đâu mà Nhà mới cửa
output/vachtuongcu.mp3_3030271_3033855.wav|Thằng trái tim nghĩ đến 2 lạng vàng lần trước đưa cho cá mượn
output/vachtuongcu.mp3_3034111_3039231.wav|Để sang tên căn nhà này và mua hộ khẩu Làm tổ ấm cho Hằng Mỗi lần vào nè
output/vachtuongcu.mp3_3039999_3042559.wav|Rồi mấy ngàn bạc hôm nay cũng trao hết cho cả
output/vachtuongcu.mp3_3042815_3045375.wav|Cài đến sợi dây chuyền và đôi bông tai
output/vachtuongcu.mp3_3045887_3047935.wav|Làm môi không khóc được nữa
output/vachtuongcu.mp3_3048191_3052287.wav|Mắt mở to nhìn trừng trừng ra con hẻm tấp nập người qua lại
output/vachtuongcu.mp3_3054079_3058687.wav|Bà hàng xóm phun ra được những lời word Đức chất chứa đã lâu hả Hay quay vào
output/vachtuongcu.mp3_3059455_3062015.wav|Thằng vội gọi giặt lại
output/vachtuongcu.mp3_3063807_3066879.wav|Bạn đứng ngay trước ngưỡng cửa ngoáy cổ lại nhìn Hằng
output/vachtuongcu.mp3_3067391_3073535.wav|Cái gì vậy cô thằng khổ sở hỏi
output/vachtuongcu.mp3_3073791_3077375.wav|Con còn túi quần áo với lại ít tiền ở trong nhà này
output/vachtuongcu.mp3_3077631_3082239.wav|Làm thế nào mà lấy lại được Bây giờ bà cụ thở dài
output/vachtuongcu.mp3_3082495_3085311.wav|Tùy cô
output/vachtuongcu.mp3_3085567_3086591.wav|YouTube
output/vachtuongcu.mp3_3087359_3092479.wav|Cửa nhà người ta rồi đi tù hả
output/vachtuongcu.mp3_3092991_3099135.wav|Thôi nếu thu xếp mà về máy đi cô không có hộ khẩu ở đây công an
output/vachtuongcu.mp3_3099391_3105535.wav|Lối xóm nghe tiếng huyên náo từ từ kéo nhau
output/vachtuongcu.mp3_3106559_3108607.wav|Ăn vừa đau xót vừa xấu hổ
output/vachtuongcu.mp3_3108863_3110399.wav|Cúi mặt bước ra đầu ngõ
output/vachtuongcu.mp3_3110655_3112191.wav|Tránh những cái nhìn soi mói
output/vachtuongcu.mp3_3113215_3116287.wav|Sau lưng Hằng còn vọng theo vài tiếng cười chế nhạo
output/vachtuongcu.mp3_3117311_3119103.wav|Thằng bước đi những bước nặng trĩu
output/vachtuongcu.mp3_3120127_3126271.wav|Hai mươi mấy năm nay lần đầu tiên trong đời hắn vẫn thấy trong lòng dâng lên Một Nỗi oán hận về
output/vachtuongcu.mp3_3127807_3129087.wav|Những hình ai bây giờ
output/vachtuongcu.mp3_3129343_3130623.wav|Ngoại trừ chính Đảng
output/vachtuongcu.mp3_3131135_3135231.wav|Anh thấy tất cả mọi việc vừa diễn ra lạ lùng và cực kỳ vô lý
output/vachtuongcu.mp3_3135999_3139839.wav|Nàng có thể dễ dàng phản bội chồng con một cách vô lý đến thế sao
output/vachtuongcu.mp3_3140607_3143679.wav|Rồi Chính làng lại cũng bị phản bội một cách quá vô lý
output/vachtuongcu.mp3_3144191_3149311.wav|Đã Phủ Lý nhất tại sao lại đưa hết tiền cho Phong mà không một chút đắn đo
output/vachtuongcu.mp3_3150591_3155455.wav|Mọi chuyện xảy ra như trong một giấc mơ như một vở tuồng trên sân khấu
output/vachtuongcu.mp3_3157247_3161087.wav|Thằng tìm một góc tối kiên nhẫn đứng chờ thêm một lúc nữa
output/vachtuongcu.mp3_3161599_3162623.wav|Mắt đăm Đăm
output/vachtuongcu.mp3_3162879_3164927.wav|Nhìn lại con hẻm dẫn vào nhà Phong
output/vachtuongcu.mp3_3165439_3166719.wav|Mong Manh Hy Vọng
output/vachtuongcu.mp3_3167231_3168255.wav|Giá sách trở về
output/vachtuongcu.mp3_3169279_3171327.wav|Lại thêm một tiếng đồng hồ tuyệt vọng nữa
output/vachtuongcu.mp3_3172095_3173631.wav|Nàng lang thang bước đi
output/vachtuongcu.mp3_3173887_3175679.wav|Sóc con đường Cách Mạng Tháng 8
output/vachtuongcu.mp3_3175935_3177215.wav|Dù không biết đi đâu
output/vachtuongcu.mp3_3177471_3180031.wav|Vợ không biết đêm nay sẽ ngủ ở đâu
output/vachtuongcu.mp3_3180799_3183615.wav|Đang mở bóp moi móc hết các ngõ ngách
output/vachtuongcu.mp3_3183871_3185919.wav|Chỉ còn được hơn 10 đồng bạc lẻ
output/vachtuongcu.mp3_3186431_3188991.wav|Muốn về tới quê nhà ở Hà Sơn Bình
output/vachtuongcu.mp3_3189503_3191295.wav|Tối thiểu về có khoảng 200
output/vachtuongcu.mp3_3192319_3194367.wav|Thần Y Tín của cô chồng ở Phú Nhuận
output/vachtuongcu.mp3_3194623_3196415.wav|Đã toan đến hỏi vay tiền
output/vachtuongcu.mp3_3196671_3202559.wav|Nhưng lại ngại ngùng vì mấy lần vào đây làm điều lãng mạn để hú hí với phòng
output/vachtuongcu.mp3_3203327_3209471.wav|Thuốc thận một lúc hành tinh ngã tư Hồng tập từ lúc nào không hay là dừng lại
output/vachtuongcu.mp3_3209727_3214079.wav|Ngao ngán Đưa mắt nhìn quanh không biết nên rẽ hướng nào
output/vachtuongcu.mp3_3215103_3216127.wav|Từ trong bóng tối
output/vachtuongcu.mp3_3216383_3218431.wav|Một thằng bé khoảng 10 tuổi
output/vachtuongcu.mp3_3219455_3221247.wav|Chạy lao ra hỏi nhỏ
output/vachtuongcu.mp3_3222015_3223039.wav|Đi không Cô Ba
output/vachtuongcu.mp3_3224575_3226623.wav|Thằng nhìn nó ngạc nhiên hỏi lại
output/vachtuongcu.mp3_3227135_3227647.wav|Đi đâu
output/vachtuongcu.mp3_3228927_3229695.wav|Thằng nhỏ đó
output/vachtuongcu.mp3_3230207_3236351.wav|Đi khách chứ đi đâu từ trước mối cho bảo đảm từ kiếm toàn khách sạn cho cô ban
output/vachtuongcu.mp3_3236607_3242751.wav|Thằng thở dài chat rồi bỗng dưng tò mò hỏi
output/vachtuongcu.mp3_3243007_3246335.wav|Đội hình được bao nhiêu nên giọng chế nhạo
output/vachtuongcu.mp3_3246591_3249919.wav|Làm bộ hoài nhiêu là tùy cô sao hỏi tôi
output/vachtuongcu.mp3_3251199_3252223.wav|Thằng ngập ngừng
output/vachtuongcu.mp3_3252991_3254783.wav|Thường thường thì được bao nhiêu
output/vachtuongcu.mp3_3255295_3256319.wav|Cháu có biết không
output/vachtuongcu.mp3_3256831_3258623.wav|Thằng nhỏ nhún vai giải thích
output/vachtuongcu.mp3_3259391_3265535.wav|Phạm sanh tỷ năm chục bảy chục hạng thường thì hai ba chục không chừng để khách thì
output/vachtuongcu.mp3_3265791_3271935.wav|8 Đồng 10₫ cũng phải đi thuộc hãng nào mới được chứ Hàng Bột
output/vachtuongcu.mp3_3272191_3274239.wav|Thế thôi à
output/vachtuongcu.mp3_3275007_3277823.wav|Thằng nhỏ lớn tiếc trước muốn nhiều nữa
output/vachtuongcu.mp3_3278079_3282687.wav|Trời ơi gái trinh mới cắt chỉ còn có mấy trăm bạc bộ cô còn chính xác
output/vachtuongcu.mp3_3283199_3287039.wav|Vừa lúc đó có cái đàn ông rẻ không ra tới
output/vachtuongcu.mp3_3287551_3290111.wav|Thằng nhỏ vội bỏ hàng chạy theo gái
output/vachtuongcu.mp3_3291135_3293183.wav|Em mới ngon lành lắm Anh Hai
output/vachtuongcu.mp3_3294207_3297279.wav|Xe dừng lại tắt đèn nhưng vẫn nổ máy
output/vachtuongcu.mp3_3297535_3303679.wav|Đã đàn ông ra vẻ sành sỏi xã hoài mệt toàn thứ gì đâu không ạ Ai mày cũng
output/vachtuongcu.mp3_3303935_3307775.wav|Mới cắt chỉ toàn dân chơi lắp ghép lớn
output/vachtuongcu.mp3_3308543_3314431.wav|Thằng nhỏ níu kéo lần này thiệt mang áo bò là ở ngoài Hà Nội mới vô nhảy dù lần đầu anh hát
output/vachtuongcu.mp3_3316223_3319039.wav|Người mẫu đối thoại nước mắt bước đi
output/vachtuongcu.mp3_3319551_3325695.wav|Xã Đàn ông sang số chậm chậm chạy theo nàng bật đèn rút ra đi nhìn cho rõ mặt
output/vachtuongcu.mp3_3325951_3327487.wav|Rồi hài lòng lên tiếng
output/vachtuongcu.mp3_3327999_3329023.wav|Coi cũng được
output/vachtuongcu.mp3_3329279_3330047.wav|Lên đi em
output/vachtuongcu.mp3_3331327_3334911.wav|Hàng nghìn đã bật Tự nhiên thấy lòng mình bình thản lạ lùng
output/vachtuongcu.mp3_3335679_3340031.wav|Cuộc đời chó má bỗng dưng đậu nành vào một bức mặt thê thảm
output/vachtuongcu.mp3_3340287_3342079.wav|Màn hình không bao giờ tới
output/vachtuongcu.mp3_3343359_3345919.wav|Nghĩ đến cái bánh tàu về Hà Sơn Bình
output/vachtuongcu.mp3_3346431_3347711.wav|Làm hỏi đã đàn ông
output/vachtuongcu.mp3_3348479_3349503.wav|Anh trả tôi bao nhiêu
output/vachtuongcu.mp3_3350527_3352319.wav|Đã tỏ vẻ hạnh phúc
output/vachtuongcu.mp3_3353855_3358719.wav|Đừng nói chuyện tiền bạc với anh Anh là dân chơi mà tiền bạc nhằm nhò gì em
output/vachtuongcu.mp3_3359999_3362047.wav|Thần thám nhân Gao lên
output/vachtuongcu.mp3_3362303_3365631.wav|Thằng nhỏ lao tới nếu cánh tay hẳn cây quái
output/vachtuongcu.mp3_3365887_3367423.wav|Trả tiền tôi chữ của bạn
output/vachtuongcu.mp3_3368191_3369727.wav|Hàng ngạc nhiên
output/vachtuongcu.mp3_3371519_3374847.wav|Thằng bé nói lớn hơn tiền dắt mối trước tên gì
output/vachtuongcu.mp3_3375615_3378431.wav|Nhưng gã đàn ông dầu gas phóng vọt đi
output/vachtuongcu.mp3_3378687_3381759.wav|Sau lưng còn nghe rõ tiếng chửi thề của thằng nhỏ
output/vachtuongcu.mp3_3382271_3387903.wav|Đi coi vậy xong đi luôn đi nha mai còn chết đây làm ăn muốn chết mẹ con tí
output/vachtuongcu.mp3_3389951_3392255.wav|Chứ không ra quẹo xanh đường Tú Xương
output/vachtuongcu.mp3_3393023_3397887.wav|Ở đó có những cái ống cống bằng xi măng thật lớn xếp ngổn ngang hai bên
output/vachtuongcu.mp3_3398655_3401983.wav|Bộ công chánh trước năm 75 đưa bao nhiêu vật liệu tới đi
output/vachtuongcu.mp3_3402239_3404543.wav|Nhưng chưa kịp sửa đường thì mất nước
output/vachtuongcu.mp3_3404799_3410943.wav|Rảnh ra những cái ống cống khổng lồ vẫn nằm yên như thế trên lề đường làm cho hẹn hò
output/vachtuongcu.mp3_3411199_3417343.wav|Lỗi cho biết bao cặp tình nhân sẽ lên 2 3 vòng
output/vachtuongcu.mp3_3417599_3423743.wav|Không thích còn cái nào trống Xã Đàn ông lao về phía nhà thờ Đức Bà trước cửa Dinh Độc Lập
output/vachtuongcu.mp3_3423999_3430143.wav|Giải đáp trên những ghế băng ở mỗi gốc cây đều có bóng người
output/vachtuongcu.mp3_3430399_3432959.wav|Bận rộn là mất đã dừng lại
output/vachtuongcu.mp3_3433215_3435007.wav|Bước xuống khóa bánh sau
output/vachtuongcu.mp3_3435263_3437567.wav|Và dẫn thằng tới một gốc cây
output/vachtuongcu.mp3_3438591_3442431.wav|Anh ngạc nhiên hỏi
output/vachtuongcu.mp3_3442687_3443967.wav|Các người nhấn mạnh
output/vachtuongcu.mp3_3444735_3447039.wav|Chỗ này là nhất chưa Còn muốn gì nữa
output/vachtuongcu.mp3_3447295_3448575.wav|Bộ đội vũ khách sạn sách
output/vachtuongcu.mp3_3450111_3456255.wav|Rất lời gái thoải mái ngồi xuống tựa lưng vào gốc cây và kéo tay Hằng cho nàng
output/vachtuongcu.mp3_3456511_3457023.wav|Giống heo
output/vachtuongcu.mp3_3457535_3458559.wav|Hàng không hiểu gì
output/vachtuongcu.mp3_3459327_3462655.wav|Hai chân quỳ trên thảm cỏ nhựa nhát nhìn cả
output/vachtuongcu.mp3_3462911_3464191.wav|Phim Giá Phải khách
output/vachtuongcu.mp3_3465215_3467007.wav|Không mang đồ nghề giết chân răng
output/vachtuongcu.mp3_3467263_3470079.wav|Ít nhất cũng phải có tâm mủ chảy xuống mà nằm chứ
output/vachtuongcu.mp3_3471359_3473151.wav|Hầm kêu lên
output/vachtuongcu.mp3_3473919_3474943.wav|Ông thích làm gì ở đây
output/vachtuongcu.mp3_3475455_3477247.wav|Sửa đường giữa sáng thế này à
output/vachtuongcu.mp3_3478527_3480063.wav|Gã đàn ông cười khinh bỉ
output/vachtuongcu.mp3_3480319_3486463.wav|Thôi em ơi em làm bộ hoài Thằng này rảnh quá mà ngồi đó bộ em làm ăn
output/vachtuongcu.mp3_3486719_3492863.wav|Tắt lắm hay sao mà phải bỏ bố đấy Hằng cương quyết lắc đầu
output/vachtuongcu.mp3_3493119_3499263.wav|Có nhà có cửa chứ ở đây thì chỉ cần 8 đâu đã chỉ tay
output/vachtuongcu.mp3_3499519_3501055.wav|Minh Cảnh và giải thích
output/vachtuongcu.mp3_3501567_3507711.wav|Coi người ta thấy Kìa gốc cây nào không có giờ anh ngồi đây em nằm
output/vachtuongcu.mp3_3507967_3510527.wav|Thi đấu lên đổi Anh có khó gì đâu
output/vachtuongcu.mp3_3512063_3515903.wav|Vừa nói gã vừa tháo dây lưng quần bạn giết người
output/vachtuongcu.mp3_3517183_3518463.wav|Thằng chợt hiểu ra
output/vachtuongcu.mp3_3518719_3521279.wav|Đứng bật dậy và khóc nức nở
output/vachtuongcu.mp3_3523071_3524351.wav|Xã Đàn Ông
output/vachtuongcu.mp3_3525631_3526399.wav|Buột miệng
output/vachtuongcu.mp3_3526655_3528191.wav|Cậu nhậu mấy câu
output/vachtuongcu.mp3_3528447_3531007.wav|Rồi cũng đứng lên theo cái nút cuộn lại
output/vachtuongcu.mp3_3531263_3537407.wav|Đã bỏ đi miệng lẩm bẩm không chịu thì thôi chứ mắc mớ gì mà khóc
output/vachtuongcu.mp3_3538431_3540735.wav|Giá mở khóa Honda Bà đạp mái
output/vachtuongcu.mp3_3541247_3547391.wav|Anh đứng chờ vợ giữa bãi cỏ nhìn theo lúc nãy cái lý
output/vachtuongcu.mp3_3547647_3553791.wav|Chính thúc đẩy hàng leo lên Honda của cả là Vân Anh tưởng đã sẽ đưa mình về nhà đã
output/vachtuongcu.mp3_3554047_3560191.wav|Tuy có phải cắn răng chịu đựng nhưng ít ra cũng có được một chỗ ngủ qua đêm
output/vachtuongcu.mp3_3560447_3566591.wav|Sáng mai chị đã trả tiền thì Hằng sẽ ra K Mua vé tàu không ngờ
output/vachtuongcu.mp3_3566847_3572991.wav|Làm ra đây thành lạc rồi lại sẽ bỏ nàng lang thang ngoài đường thẳng bút ngòi
output/vachtuongcu.mp3_3573247_3574271.wav|Nghĩ đến đỉnh giờ này
output/vachtuongcu.mp3_3574527_3576831.wav|Chắc đang dù còn bên Ngọn Đèn Dầu
output/vachtuongcu.mp3_3577087_3578623.wav|Và thao thức nhớ tới nhà
output/vachtuongcu.mp3_3579391_3581183.wav|Khăn lau nước mắt trên trứng gà
output/vachtuongcu.mp3_3582719_3583487.wav|Ông ơi
output/vachtuongcu.mp3_3583999_3586303.wav|Gái dân chơi vừa sang số xe
output/vachtuongcu.mp3_3586559_3589631.wav|Vừa quay đầu lại hỏi gì nữa đây
output/vachtuongcu.mp3_3590399_3591935.wav|Không cho em về nhà với
output/vachtuongcu.mp3_3592703_3593471.wav|Nhạc gốc
output/vachtuongcu.mp3_3593727_3596287.wav|Khúc nào gần thì tôi cho quá giang
output/vachtuongcu.mp3_3598079_3599103.wav|Nhà ông
output/vachtuongcu.mp3_3600383_3604991.wav|Giá đàn ông giá lên cười Giỡn hoài cô đưa cô về Đặng Vợ Tôi
output/vachtuongcu.mp3_3605247_3606783.wav|Đánh chết mẹ tôi sao
output/vachtuongcu.mp3_3608575_3610111.wav|Đã xuống k bật đèn
output/vachtuongcu.mp3_3610879_3614207.wav|Nhưng hằng lại gọi rất lại một lần nữa
output/vachtuongcu.mp3_3615487_3616511.wav|Đã nói đầu là
output/vachtuongcu.mp3_3617023_3617791.wav|Gì nữa
output/vachtuongcu.mp3_3618559_3619071.wav|Thôi
output/vachtuongcu.mp3_3621119_3622143.wav|Tắt máy đi
output/vachtuongcu.mp3_3623167_3624191.wav|Tôi bằng lòng
output/vachtuongcu.mp3_3624959_3625983.wav|Giá nhún vai
output/vachtuongcu.mp3_3627263_3629567.wav|Hết hứng rồi Thôi để khi khác
output/vachtuongcu.mp3_3630335_3632639.wav|Và đã phủ xe lao đi
output/vachtuongcu.mp3_3632895_3633919.wav|Trong bóng tối
output/vachtuongcu.mp3_3654143_3658751.wav|Rồi Hằng cũng phải đủ tiền trở về Hà Sơn Bình
output/vachtuongcu.mp3_3659007_3662847.wav|Đêm đầu tiên vợ chồng nằm bên nhau bên vách tường cũ
output/vachtuongcu.mp3_3663615_3665151.wav|Hai người im lặng rất lâu
output/vachtuongcu.mp3_3665919_3668735.wav|Đỉnh xoay lưng Hằng Bùi ngồi nói
output/vachtuongcu.mp3_3670271_3672319.wav|Tiết của thì anh không tiếc lắm
output/vachtuongcu.mp3_3672575_3674623.wav|Anh chỉ thương mình vất vả quá
output/vachtuongcu.mp3_3675903_3678719.wav|Thế lúc mình Đang mua Phải công an ập vào bắt
output/vachtuongcu.mp3_3678975_3680511.wav|Nó có đánh mình cái nào không
output/vachtuongcu.mp3_3683327_3685119.wav|Thành lắc đầu tấm tức khóc
output/vachtuongcu.mp3_3685887_3689727.wav|Những dòng nước mắt hối hận cả ra đất nước cả vay tỉnh
output/vachtuongcu.mp3_3690239_3692031.wav|Nam Định cũng mỗi lần theo
output/vachtuongcu.mp3_3693055_3694079.wav|Không bị đánh
output/vachtuongcu.mp3_3694591_3696127.wav|Mực hấp sốt mất như vậy
output/vachtuongcu.mp3_3696383_3699711.wav|Thì chắc chỉ có mỗi một lý do Đảng trước của lắm
output/vachtuongcu.mp3_3700479_3703807.wav|Định đoán như thế cho nên để chiều vợ
output/vachtuongcu.mp3_3704063_3710207.wav|Anh ngẫm nghĩ một lúc khá lâu rồi là thuốc người thì thầm bảo hành
output/vachtuongcu.mp3_3711231_3717375.wav|Mình còn muốn đi trước nữa học Nếu mình muốn thì mai anh chạy đi bán một cái máy khác
output/vachtuongcu.mp3_3717887_3719423.wav|Rồi anh sang chú Hợi
output/vachtuongcu.mp3_3719679_3721727.wav|Vay 8 nghìn bạc cho mình làm bố
output/vachtuongcu.mp3_3722239_3726847.wav|Thử thấy phận Lần Nữa Xem sắc giải nhất lần nào cũng bị bắt
output/vachtuongcu.mp3_3727103_3733247.wav|Anh cũng còn giấu riêng được vài Chắc bác tí mới trả anh định mùa hè
output/vachtuongcu.mp3_3733503_3739647.wav|Thôi thì mình cầm cả đi mà mua Hả Bố con anh ở nhà
output/vachtuongcu.mp3_3739903_3746047.wav|Cơm cháo khoảng cũng được thằng im lặng không đáp
output/vachtuongcu.mp3_3746303_3752447.wav|Nước mắt cứ trào ra ăn không nổi nhắm mắt lại Hằng chị thấy hình ảnh không
output/vachtuongcu.mp3_3752703_3758847.wav|Và cả đàn ông ở công viên Nhà thờ Đức Bà thay nhau xuất hiện trong chị
